Workbook

Sheet Segmentación CENTRO
M1: Zona | N1: =VLOOKUP(N2,#REF!,4,0) -> #REF! | O1: =VLOOKUP(O2,#REF!,4,0) -> #REF! | P1: =VLOOKUP(P2,#REF!,4,0) -> #REF! | Q1: =VLOOKUP(Q2,#REF!,4,0) -> #REF! | R1: =VLOOKUP(R2,#REF!,4,0) -> #REF! | S1: =VLOOKUP(S2,#REF!,4,0) -> #REF! | T1: =VLOOKUP(T2,#REF!,4,0) -> #REF! | U1: =VLOOKUP(U2,#REF!,4,0) -> #REF! | ... DD1: =VLOOKUP(DD2,#REF!,4,0) -> #REF!
B2: PORTAFOLIO | C2: TIENDAS | D2: ITEMS | M2: Tienda | N2: S03 | O2: S11 | P2: S15 | Q2: S24 | R2: S25 | S2: S31 | T2: S32 | U2: S57 | V2: S60 | W2: S70 | X2: S72 | Y2: S90 | Z2: S97 | AA2: SA4 | AB2: SA6 | AC2: SA7 | AD2: SA9 | AE2: SB2 | AF2: SB3 | AG2: SB5 | AH2: SC0 | AI2: SC1 | AJ2: SC2 | AK2: SC8 | AL2: SD3 | AM2: SD4 | AN2: SD8 | AO2: SD9 | AP2: SE1 | AQ2: SE3 | AR2: S04 | AS2: S17 | AT2: S18 | AU2: S26 | AV2: S27 | AW2: S29 | AX2: S34 | AY2: S59 | AZ2: S65 | BA2: S74 | BB2: S78 | BC2: S79 | BD2: S80 | BE2: S82 | BF2: S83 | BG2: S93 | BH2: S94 | BI2: S98 | BJ2: SA0 | BK2: SA1 | BL2: SA5 | BM2: SB4 | BN2: SB7 | BO2: SB8 | BP2: SC4 | BQ2: SC5 | BR2: SD0 | BS2: SD5 | BT2: SE5 | BU2: SE6 | BV2: SE8 | BW2: S06 | BX2: S07 | BY2: S09 | BZ2: S16 | CA2: S19 | CB2: S20 | CC2: S30 | CD2: S53 | CE2: S55 | CF2: S56 | CG2: S63 | CH2: S69 | CI2: S71 | CJ2: S86 | CK2: S73 | CL2: S87 | CM2: S96 | CN2: SA8 | CO2: SB0 | CP2: SB1 | CQ2: SB6 | CR2: SB9 | CS2: SC3 | CT2: SA2 | CU2: SC6 | CV2: SC7 | CW2: SD1 | CX2: SD6 | CY2: SD7 | CZ2: SE0 | DA2: SE2 | DB2: SE4 | DC2: SE7 | DD2: SC9
B3: BASICO | C3: 30 | D3: 22 | M3: Nombre tienda | N3: SUBA VILLA GLORIA | O3: UBATE JJ | P3: FONTIBON PLAZA | Q3: JUAN REY | R3: LA VICTORIA | S3: CHIPAQUE CENTRO | T3: SOACHA DESPENSA | U3: BOSA LAURELES | V3: LUCERO BAJO | W3: SILVANIA | X3: PATIO BONITO 87 | Y3: SAN JOAQUIN B | Z3: SAN VICENTE FERRER | AA3: ISIMO LOMAS | AB3: ISIMO VARIANTE CELTA | AC3: ISIMO TIBABUYES | AD3: ISIMO INDEPENDENCIA | AE3: ISIMO ESMERALDA | AF3: ISIMO LA ESTACION | AG3: ISIMO BOSA LA LIBERTAD | AH3: ISIMO DIVINO NIÑO | AI3: ISIMO DINDALITO | AJ3: VILLA SUAITA | AK3: MARCO FIDEL | AL3: TINTALITO | AM3: ISIMO LIBERTADORES | AN3: COSTA AZUL | AO3: SUBA LA GAITANA | AP3: RESTREPO OCCIDENTAL | AQ3: ISIMO SANTA LIBRADA | AR3: BOGOTA SUBA AURES 1 | AS3: FACA SANTANDER | AT3: FUNZA ZUAME | AU3: OLARTE VILLA DEL RIO | AV3: PARQUE LUIS CARLOS GALAN | AW3: SAN CRISTOBAL SUR | AX3: FUSAGASUGA | AY3: RESTREPO | AZ3: TABIO | BA3: CARMEN | BB3: CIUDAD JARDIN | BC3: USME PUEBLO | BD3: ZIPAQUIRA LA PAZ | BE3: SOACHA ESQUINA | BF3: MONTE BLANCO | BG3: SOPO CENTRO | BH3: MINUTO DE DIOS | BI3: VILLA GLADY | BJ3: SAN FRANCISCO | BK3: SAN BLAS | BL3: ISIMO EL TREBOL | BM3: ISIMO SANTAFE | BN3: ISIMO LIJACA | BO3: ISIMO MONTANA | BP3: BRAVO PAEZ | BQ3: TIHUAQUE | BR3: VILLA ESPERANZA | BS3: VILLA SONIA | BT3: ISIMO MOLINOS | BU3: ISIMO LUCERO SUR | BV3: ISIMO FUSAGASUGA BALMORAL | BW3: CEDRO GOLF | BX3: LOS CEDROS | BY3: SANTA TERESA | BZ3: NORMANDIA OCCIDENTAL 2 | CA3: POLO CLUB | CB3: QUESADA | CC3: SANTA RITA | CD3: QUINTA PAREDES EMBAJADA | CE3: QUIRIGUA | CF3: 22 SUR | CG3: SUBA HOSPITAL | CH3: MAZUREN | CI3: UNIR TIERRA NEGRA | CJ3: CHUCUA | CK3: NUEVO MUZÚ | CL3: RESERVAS DEL PORVENIR | CM3: MODELIA | CN3: ISIMO PRADO 138 | CO3: ISIMO TOSCANA | CP3: ISIMO ANILLO VIAL | CQ3: ISIMO CHIA CALATRAVA | CR3: ISIMO EL CAMPIN | CS3: UNICENTRO DE OCCIDENTE | CT3: SUBA FONTANAR | CU3: MANDALAY | CV3: LUJAN | CW3: CARIMAGUA | CX3: MILENIUM | CY3: CIUDAD ORIENTAL | CZ3: ISIMO MALL SANTA CRUZ | DA3: ISIMO VILLA ALSACIA | DB3: ISIMO LEON XIII | DC3: ISIMO SUBA CRA 91 | DD3: BOSA NARANJO
M4: N S E | N4: MED ALTO | O4: MED ALTO | P4: BAJO | Q4: BAJO | R4: BAJO | S4: BAJO | T4: MED ALTO | U4: BAJO | V4: BAJO | W4: BAJO | X4: BAJO | Y4: BAJO | Z4: MED ALTO | AA4: BAJO | AB4: MED ALTO | AC4: MED ALTO | AD4: BAJO | AE4: MED ALTO | AF4: MED ALTO | AG4: BAJO | AH4: MED ALTO | AI4: BAJO | AJ4: BAJO | AK4: BAJO | AL4: BAJO | AM4: BAJO | AN4: MED ALTO | AO4: BAJO | AP4: MED ALTO | AQ4: BAJO | AR4: BAJO | AS4: MED ALTO | AT4: MED ALTO | AU4: BAJO | AV4: MED ALTO | AW4: BAJO | AX4: MED ALTO | AY4: MED ALTO | AZ4: MED ALTO | BA4: BAJO | BB4: MED ALTO | BC4: BAJO | BD4: MED ALTO | BE4: MED ALTO | BF4: BAJO | BG4: MED ALTO | BH4: MED ALTO | BI4: MED ALTO | BJ4: BAJO | BK4: MED ALTO | BL4: MED ALTO | BM4: BAJO | BN4: MED ALTO | BO4: MED ALTO | BP4: MED ALTO | BQ4: BAJO | BR4: BAJO | BS4: BAJO | BT4: BAJO | BU4: BAJO | BV4: MED ALTO | BW4: MED ALTO | BX4: MED ALTO | BY4: MED ALTO | BZ4: MED ALTO | CA4: MED ALTO | CB4: MED ALTO | CC4: BAJO | CD4: MED ALTO | CE4: MED ALTO | CF4: MED ALTO | CG4: MED ALTO | CH4: MED ALTO | CI4: MED ALTO | CJ4: MED ALTO | CK4: BAJO | CL4: BAJO | CM4: MED ALTO | CN4: MED ALTO | CO4: MED ALTO | CP4: MED ALTO | CQ4: MED ALTO | CR4: MED ALTO | CS4: MED ALTO | CT4: MED ALTO | CU4: MED ALTO | CV4: MED ALTO | CW4: MED ALTO | CX4: MED ALTO | CY4: MED ALTO | CZ4: BAJO | DA4: MED ALTO | DB4: BAJO | DC4: BAJO | DD4: BAJO
B5: EXTENDIDO | C5: 31 | D5: 19 | M5: NEVERA AUTOCONTENIDA | CA5: NO
B6: NEVERA F | C6: 33 | D6: 20 | M6: CANTIDAD MUEBLES FRUVER
B7: EXCEPCIÓN | C7: 1 | M7: VTA PROM FRUVER
M8: TIPO DE PORTAFOLIO | N8: B | O8: B | P8: B | Q8: B | R8: B | S8: B | T8: B | U8: B | V8: B | W8: B | X8: B | Y8: B | Z8: B | AA8: B | AB8: B | AC8: B | AD8: B | AE8: B | AF8: B | AG8: B | AH8: B | AI8: B | AJ8: B | AK8: B | AL8: B | AM8: B | AN8: B | AO8: B | AP8: B | AQ8: B | AR8: B + E | AS8: B + E | AT8: B + E | AU8: B + E | AV8: B + E | AW8: B + E | AX8: B + E | AY8: B + E | AZ8: B + E | BA8: B + E | BB8: B + E | BC8: B + E | BD8: B + E | BE8: B + E | BF8: B + E | BG8: B + E | BH8: B + E | BI8: B + E | BJ8: B + E | BK8: B + E | BL8: B + E | BM8: B + E | BN8: B + E | BO8: B + E | BP8: B + E | BQ8: B + E | BR8: B + E | BS8: B + E | BT8: B + E | BU8: B + E | BV8: B + E | BW8: B + E +N | BX8: B + E +N | BY8: B + E +N | BZ8: B + E +N | CA8: B + E +N | CB8: B + E +N | CC8: B + E +N | CD8: B + E +N | CE8: B + E +N | CF8: B + E +N | CG8: B + E +N | CH8: B + E +N | CI8: B + E +N | CJ8: B + E +N | CK8: B + E +N | CL8: B + E +N | CM8: B + E +N | CN8: B + E +N | CO8: B + E +N | CP8: B + E +N | CQ8: B + E +N | CR8: B + E +N | CS8: B + E +N | CT8: B + E +N | CU8: B + E +N | CV8: B + E +N | CW8: B + E +N | CX8: B + E +N | CY8: B + E +N | CZ8: B + E +N | DA8: B + E +N | DB8: B + E +N | DC8: B + E +N | DD8: excepción
A9: ITEM | B9: DESCRIPCION | C9: CLUSTERIZACIÓN | D9: CLUSTERIZACIÓN | E9: ESTADO | F9: $ MERMA | G9: % MERMA | H9: VENTA | I9: EXHIBICION | J9: CARAS BSC | K9: CARAS BSC+EXT | L9: CARAS BSC+EXT+NEV | M9: U.M. | N9: 22 | O9: 22 | P9: 22 | Q9: 22 | R9: 22 | S9: 22 | T9: 22 | U9: 22 | V9: 22 | W9: 22 | X9: 22 | Y9: 22 | Z9: 22 | AA9: 22 | AB9: 22 | AC9: 22 | AD9: 22 | AE9: 22 | AF9: 22 | AG9: 22 | AH9: 22 | AI9: 22 | AJ9: 22 | AK9: 22 | AL9: 22 | AM9: 22 | AN9: 22 | AO9: 22 | AP9: 22 | AQ9: 22 | AR9: 41 | AS9: 41 | AT9: 41 | AU9: 41 | AV9: 41 | AW9: 41 | AX9: 41 | AY9: 41 | AZ9: 41 | BA9: 41 | BB9: 41 | BC9: 41 | BD9: 41 | BE9: 41 | BF9: 41 | BG9: 41 | BH9: 41 | BI9: 41 | BJ9: 41 | BK9: 41 | BL9: 41 | BM9: 41 | BN9: 41 | BO9: 41 | BP9: 41 | BQ9: 41 | BR9: 41 | BS9: 41 | BT9: 41 | BU9: 41 | BV9: 41 | BW9: 61 | BX9: 61 | BY9: 61 | BZ9: 61 | CA9: 61 | CB9: 61 | CC9: 61 | CD9: 61 | CE9: 61 | CF9: 61 | CG9: 61 | CH9: 61 | CI9: 61 | CJ9: 61 | CK9: 61 | CL9: 61 | CM9: 41 | CN9: 61 | CO9: 61 | CP9: 61 | CQ9: 61 | CR9: 61 | CS9: 61 | CT9: 61 | CU9: 61 | CV9: 61 | CW9: 61 | CX9: 61 | CY9: 61 | CZ9: 61 | DA9: 61 | DB9: 61 | DC9: 61 | DD9: 13
A10: 1561 | B10: AGUACATE HASS UND | C10: BASICO | D10: TODOS | E10: ACTIVO | I10: SECO | J10: 1 | K10: 1 | L10: 1 | M10: CN36 | N10: X | O10: X | P10: X | Q10: X | R10: X | S10: X | T10: X | U10: X | V10: X | W10: X | X10: X | Y10: X | Z10: X | AA10: X | AB10: X | AC10: X | AD10: X | AE10: X | AF10: X | AG10: X | AH10: X | AI10: X | AJ10: X | AK10: X | AL10: X | AM10: X | AN10: X | AO10: X | AP10: X | AQ10: X | AR10: X | AS10: X | AT10: X | AU10: X | AV10: X | AW10: X | AX10: X | AY10: X | AZ10: X | BA10: X | BB10: X | BC10: X | BD10: X | BE10: X | BF10: X | BG10: X | BH10: X | BI10: X | BJ10: X | BK10: X | BL10: X | BM10: X | BN10: X | BO10: X | BP10: X | BQ10: X | BR10: X | BS10: X | BT10: X | BU10: X | BV10: X | BW10: X | BX10: X | BY10: X | BZ10: X | CA10: X | CB10: X | CC10: X | CD10: X | CE10: X | CF10: X | CG10: X | CH10: X | CI10: X | CJ10: X | CK10: X | CL10: X | CM10: X | CN10: X | CO10: X | CP10: X | CQ10: X | CR10: X | CS10: X | CT10: X | CU10: X | CV10: X | CW10: X | CX10: X | CY10: X | CZ10: X | DA10: X | DB10: X | DC10: X
A11: 1074 | B11: AGUACATE VARIEDAD UNIDAD | C11: BASICO | D11: MEDIO ALTO | E11: ACTIVO | I11: SECO | K11: 1 | L11: 1 | M11: CN10 | N11: X | O11: X | T11: X | Z11: X | AB11: X | AC11: X | AE11: X | AF11: X | AH11: X | AN11: X | AP11: X | AS11: X | AT11: X | AV11: X | AX11: X | AY11: X | AZ11: X | BB11: X | BD11: X | BE11: X | BG11: X | BH11: X | BI11: X | BK11: X | BL11: X | BN11: X | BO11: X | BP11: X | BV11: X | BW11: X | BX11: X | BY11: X | BZ11: X | CA11: X | CB11: X | CD11: X | CE11: X | CF11: X | CG11: X | CH11: X | CI11: X | CJ11: X | CM11: X | CN11: X | CO11: X | CP11: X | CQ11: X | CR11: X | CS11: X | CT11: X | CU11: X | CV11: X | CW11: X | CX11: X | CY11: X | DA11: X
A12: 1819 | B12: AHUYAMA ZAKATA 600 G | C12: EXTENDIDO | D12: TODOS | E12: ACTIVO | I12: SECO | L12: 1 | M12: CN10 | AR12: X | AS12: X | AT12: X | AU12: X | AV12: X | AW12: X | AX12: X | AY12: X | AZ12: X | BA12: X | BB12: X | BC12: X | BD12: X | BE12: X | BF12: X | BG12: X | BH12: X | BI12: X | BJ12: X | BK12: X | BL12: X | BM12: X | BN12: X | BO12: X | BP12: X | BQ12: X | BR12: X | BS12: X | BT12: X | BU12: X | BV12: X | BW12: X | BX12: X | BY12: X | BZ12: X | CA12: X | CB12: X | CC12: X | CD12: X | CE12: X | CF12: X | CG12: X | CH12: X | CI12: X | CJ12: X | CK12: X | CL12: X | CM12: X | CN12: X | CO12: X | CP12: X | CQ12: X | CR12: X | CS12: X | CT12: X | CU12: X | CV12: X | CW12: X | CX12: X | CY12: X | CZ12: X | DA12: X | DB12: X | DC12: X
A13: 155 | B13: AJO 3 UND | C13: BASICO | D13: TODOS | E13: ACTIVO | I13: SECO | J13: 1 | K13: 1 | L13: 1 | M13: CN50 | N13: X | O13: X | P13: X | Q13: X | R13: X | S13: X | T13: X | U13: X | V13: X | W13: X | X13: X | Y13: X | Z13: X | AA13: X | AB13: X | AC13: X | AD13: X | AE13: X | AF13: X | AG13: X | AH13: X | AI13: X | AJ13: X | AK13: X | AL13: X | AM13: X | AN13: X | AO13: X | AP13: X | AQ13: X | AR13: X | AS13: X | AT13: X | AU13: X | AV13: X | AW13: X | AX13: X | AY13: X | AZ13: X | BA13: X | BB13: X | BC13: X | BD13: X | BE13: X | BF13: X | BG13: X | BH13: X | BI13: X | BJ13: X | BK13: X | BL13: X | BM13: X | BN13: X | BO13: X | BP13: X | BQ13: X | BR13: X | BS13: X | BT13: X | BU13: X | BV13: X | BW13: X | BX13: X | BY13: X | BZ13: X | CA13: X | CB13: X | CC13: X | CD13: X | CE13: X | CF13: X | CG13: X | CH13: X | CI13: X | CJ13: X | CK13: X | CL13: X | CM13: X | CN13: X | CO13: X | CP13: X | CQ13: X | CR13: X | CS13: X | CT13: X | CU13: X | CV13: X | CW13: X | CX13: X | CY13: X | CZ13: X | DA13: X | DB13: X | DC13: X | DD13: X
A14: 1793 | B14: APIO 300 G | C14: NEVERA F | D14: TODOS | E14: INACTIVO | I14: FRIO | L14: 1 | M14: CN08 | BW14: X | BX14: X | BY14: X | BZ14: X | CA14: X | CB14: X | CC14: X | CD14: X | CE14: X | CF14: X | CG14: X | CH14: X | CI14: X | CK14: X | CL14: X | CN14: X | CP14: X | CQ14: X | CR14: X | CS14: X | CU14: X | CV14: X | CW14: X | CX14: X | CY14: X | CZ14: X | DA14: X | DB14: X | DC14: X
A15: 157 | B15: ARANDANOS FRESCOS 125 G | C15: BASICO | D15: TODOS | E15: ACTIVO | I15: FRIO | J15: 1 | K15: 1 | L15: 1 | M15: CN12 | N15: X | O15: X | P15: X | Q15: X | R15: X | S15: X | T15: X | U15: X | V15: X | W15: X | X15: X | Y15: X | Z15: X | AA15: X | AB15: X | AC15: X | AD15: X | AE15: X | AF15: X | AG15: X | AH15: X | AI15: X | AJ15: X | AK15: X | AL15: X | AM15: X | AN15: X | AO15: X | AP15: X | AQ15: X | AR15: X | AS15: X | AT15: X | AU15: X | AV15: X | AW15: X | AX15: X | AY15: X | AZ15: X | BA15: X | BB15: X | BC15: X | BD15: X | BE15: X | BF15: X | BG15: X | BH15: X | BI15: X | BJ15: X | BK15: X | BL15: X | BM15: X | BN15: X | BO15: X | BP15: X | BQ15: X | BR15: X | BS15: X | BT15: X | BU15: X | BV15: X | BW15: X | BX15: X | BY15: X | BZ15: X | CA15: X | CB15: X | CC15: X | CD15: X | CE15: X | CF15: X | CG15: X | CH15: X | CI15: X | CJ15: X | CK15: X | CL15: X | CM15: X | CN15: X | CO15: X | CP15: X | CQ15: X | CR15: X | CS15: X | CT15: X | CU15: X | CV15: X | CW15: X | CX15: X | CY15: X | CZ15: X | DA15: X | DB15: X | DC15: X | DD15: X
A16: 2602 | B16: ARANDANOS FRESCOS PURE VALLEY 125 G | C16: BASICO | D16: TODOS | E16: ACTIVO | I16: FRIO | N16: X | O16: X | P16: X | Q16: X | R16: X | S16: X | T16: X | U16: X | V16: X | W16: X | X16: X | Y16: X | Z16: X | AA16: X | AB16: X | AC16: X | AD16: X | AE16: X | AF16: X | AG16: X | AH16: X | AI16: X | AJ16: X | AK16: X | AL16: X | AM16: X | AN16: X | AO16: X | AP16: X | AQ16: X | AR16: X | AS16: X | AT16: X | AU16: X | AV16: X | AW16: X | AX16: X | AY16: X | AZ16: X | BA16: X | BB16: X | BC16: X | BD16: X | BE16: X | BF16: X | BG16: X | BH16: X | BI16: X | BJ16: X | BK16: X | BL16: X | BM16: X | BN16: X | BO16: X | BP16: X | BQ16: X | BR16: X | BS16: X | BT16: X | BU16: X | BV16: X | BW16: X | BX16: X | BY16: X | BZ16: X | CA16: X | CB16: X | CC16: X | CD16: X | CE16: X | CF16: X | CG16: X | CH16: X | CI16: X | CJ16: X | CK16: X | CL16: X | CM16: X | CN16: X | CO16: X | CP16: X | CQ16: X | CR16: X | CS16: X | CT16: X | CU16: X | CV16: X | CW16: X | CX16: X | CY16: X | CZ16: X | DA16: X | DB16: X | DC16: X
A17: 3103 | B17: ARANDANOS FRESCOS 500 G | C17: EXTENDIDO | D17: TODOS | E17: ACTIVO | I17: FRIO | AR17: X | AS17: X | AT17: X | AU17: X | AV17: X | AW17: X | AX17: X | AY17: X | AZ17: X | BA17: X | BB17: X | BC17: X | BD17: X | BE17: X | BF17: X | BG17: X | BH17: X | BI17: X | BJ17: X | BK17: X | BL17: X | BM17: X | BN17: X | BO17: X | BP17: X | BQ17: X | BR17: X | BS17: X | BT17: X | BU17: X | BV17: X | BW17: X | BX17: X | BY17: X | BZ17: X | CA17: X | CB17: X | CC17: X | CD17: X | CE17: X | CF17: X | CG17: X | CH17: X | CI17: X | CJ17: X | CK17: X | CL17: X | CM17: X | CN17: X | CO17: X | CP17: X | CQ17: X | CR17: X | CS17: X | CT17: X | CU17: X | CV17: X | CW17: X | CX17: X | CY17: X | CZ17: X | DA17: X | DB17: X | DC17: X
A18: 1794 | B18: ARVEJA DESGRANADA 150 G | C18: NEVERA F | D18: MEDIO ALTO | E18: ACTIVO | I18: FRIO | BW18: X | BX18: X | BY18: X | BZ18: X | CA18: X | CB18: X | CD18: X | CE18: X | CF18: X | CG18: X | CH18: X | CI18: X | CJ18: X | CN18: X | CO18: X | CP18: X | CQ18: X | CR18: X | CS18: X | CT18: X | CU18: X | CV18: X | CW18: X | CX18: X | CY18: X | DA18: X
A19: 1210 | B19: BANANO UNIDAD | C19: BASICO | D19: TODOS | E19: ACTIVO | I19: SECO | J19: 1 | K19: 1 | L19: 1 | M19: C100 | N19: X | O19: X | P19: X | Q19: X | R19: X | S19: X | T19: X | U19: X | V19: X | W19: X | X19: X | Y19: X | Z19: X | AA19: X | AB19: X | AC19: X | AD19: X | AE19: X | AF19: X | AG19: X | AH19: X | AI19: X | AJ19: X | AK19: X | AL19: X | AM19: X | AN19: X | AO19: X | AP19: X | AQ19: X | AR19: X | AS19: X | AT19: X | AU19: X | AV19: X | AW19: X | AX19: X | AY19: X | AZ19: X | BA19: X | BB19: X | BC19: X | BD19: X | BE19: X | BF19: X | BG19: X | BH19: X | BI19: X | BJ19: X | BK19: X | BL19: X | BM19: X | BN19: X | BO19: X | BP19: X | BQ19: X | BR19: X | BS19: X | BT19: X | BU19: X | BV19: X | BW19: X | BX19: X | BY19: X | BZ19: X | CA19: X | CB19: X | CC19: X | CD19: X | CE19: X | CF19: X | CG19: X | CH19: X | CI19: X | CJ19: X | CK19: X | CL19: X | CM19: X | CN19: X | CO19: X | CP19: X | CQ19: X | CR19: X | CS19: X | CT19: X | CU19: X | CV19: X | CW19: X | CX19: X | CY19: X | CZ19: X | DA19: X | DB19: X | DC19: X | DD19: X
A20: 1795 | B20: BROCOLI 250 G | C20: NEVERA F | D20: TODOS | E20: ACTIVO | I20: FRIO | L20: 1 | M20: CN06 | BW20: X | BX20: X | BY20: X | BZ20: X | CA20: X | CB20: X | CC20: X | CD20: X | CE20: X | CF20: X | CG20: X | CH20: X | CI20: X | CJ20: X | CK20: X | CL20: X | CN20: X | CO20: X | CP20: X | CQ20: X | CR20: X | CS20: X | CT20: X | CU20: X | CV20: X | CW20: X | CX20: X | CY20: X | CZ20: X | DA20: X | DB20: X | DC20: X
A21: 2472 | B21: CEBOLLA BLANCA SEMIPELADA CABEZONA 1000 G | C21: BASICO | D21: TODOS | E21: INACTIVO | I21: SECO | J21: 1 | K21: 1 | L21: 1 | M21: CN10 | N21: X | O21: X | P21: X | Q21: X | R21: X | S21: X | T21: X | U21: X | V21: X | W21: X | X21: X | Y21: X | Z21: X | AA21: X | AB21: X | AC21: X | AD21: X | AE21: X | AF21: X | AG21: X | AH21: X | AI21: X | AJ21: X | AK21: X | AL21: X | AM21: X | AN21: X | AO21: X | AP21: X | AQ21: X | AR21: X | AS21: X | AT21: X | AU21: X | AV21: X | AW21: X | AX21: X | AY21: X | AZ21: X | BA21: X | BB21: X | BC21: X | BD21: X | BE21: X | BF21: X | BG21: X | BH21: X | BI21: X | BJ21: X | BK21: X | BL21: X | BM21: X | BN21: X | BO21: X | BP21: X | BQ21: X | BR21: X | BS21: X | BT21: X | BU21: X | BV21: X | BW21: X | BX21: X | BY21: X | BZ21: X | CA21: X | CB21: X | CC21: X | CD21: X | CE21: X | CF21: X | CG21: X | CH21: X | CI21: X | CJ21: X | CK21: X | CL21: X | CM21: X | CN21: X | CO21: X | CP21: X | CQ21: X | CR21: X | CS21: X | CT21: X | CU21: X | CV21: X | CW21: X | CX21: X | CY21: X | CZ21: X | DA21: X | DB21: X | DC21: X
A22: 175 | B22: CEBOLLA BLANCA CABEZONA 500 G | C22: BASICO | D22: TODOS | E22: ACTIVO | I22: SECO | J22: 1 | K22: 1 | L22: 1 | M22: CN12 | N22: X | O22: X | P22: X | Q22: X | R22: X | S22: X | T22: X | U22: X | V22: X | W22: X | X22: X | Y22: X | Z22: X | AA22: X | AB22: X | AC22: X | AD22: X | AE22: X | AF22: X | AG22: X | AH22: X | AI22: X | AJ22: X | AK22: X | AL22: X | AM22: X | AN22: X | AO22: X | AP22: X | AQ22: X | AR22: X | AS22: X | AT22: X | AU22: X | AV22: X | AW22: X | AX22: X | AY22: X | AZ22: X | BA22: X | BB22: X | BC22: X | BD22: X | BE22: X | BF22: X | BG22: X | BH22: X | BI22: X | BJ22: X | BK22: X | BL22: X | BM22: X | BN22: X | BO22: X | BP22: X | BQ22: X | BR22: X | BS22: X | BT22: X | BU22: X | BV22: X | BW22: X | BX22: X | BY22: X | BZ22: X | CA22: X | CB22: X | CC22: X | CD22: X | CE22: X | CF22: X | CG22: X | CH22: X | CI22: X | CJ22: X | CK22: X | CL22: X | CM22: X | CN22: X | CO22: X | CP22: X | CQ22: X | CR22: X | CS22: X | CT22: X | CU22: X | CV22: X | CW22: X | CX22: X | CY22: X | CZ22: X | DA22: X | DB22: X | DC22: X
A23: 2052 | B23: CEBOLLA LARGA 500G | C23: EXTENDIDO | D23: TODOS | E23: ACTIVO | I23: FRIO | K23: 1 | L23: 1 | M23: CN10 | AR23: X | AS23: X | AT23: X | AU23: X | AV23: X | AW23: X | AX23: X | AY23: X | AZ23: X | BA23: X | BB23: X | BC23: X | BD23: X | BE23: X | BF23: X | BG23: X | BH23: X | BI23: X | BJ23: X | BK23: X | BL23: X | BM23: X | BN23: X | BO23: X | BP23: X | BQ23: X | BR23: X | BS23: X | BT23: X | BU23: X | BV23: X | BW23: X | BX23: X | BY23: X | BZ23: X | CA23: X | CB23: X | CC23: X | CD23: X | CE23: X | CF23: X | CG23: X | CH23: X | CI23: X | CJ23: X | CK23: X | CL23: X | CM23: X | CN23: X | CO23: X | CP23: X | CQ23: X | CR23: X | CS23: X | CT23: X | CU23: X | CV23: X | CW23: X | CX23: X | CY23: X | CZ23: X | DA23: X | DB23: X | DC23: X
A24: 754 | B24: CEBOLLA ROJA 500 G | C24: EXTENDIDO | D24: TODOS | E24: ACTIVO | I24: SECO | K24: 1 | L24: 1 | M24: CN12 | AR24: X | AS24: X | AT24: X | AU24: X | AV24: X | AW24: X | AX24: X | AY24: X | AZ24: X | BA24: X | BB24: X | BC24: X | BD24: X | BE24: X | BF24: X | BG24: X | BH24: X | BI24: X | BJ24: X | BK24: X | BL24: X | BM24: X | BN24: X | BO24: X | BP24: X | BQ24: X | BR24: X | BS24: X | BT24: X | BU24: X | BV24: X | BW24: X | BX24: X | BY24: X | BZ24: X | CA24: X | CB24: X | CC24: X | CD24: X | CE24: X | CF24: X | CG24: X | CH24: X | CI24: X | CJ24: X | CK24: X | CL24: X | CM24: X | CN24: X | CO24: X | CP24: X | CQ24: X | CR24: X | CS24: X | CT24: X | CU24: X | CV24: X | CW24: X | CX24: X | CY24: X | CZ24: X | DA24: X | DB24: X | DC24: X
A25: 1815 | B25: CHAMPIÑON ENTERO 250 G | C25: NEVERA F | D25: TODOS | E25: ACTIVO | I25: FRIO | BW25: X | BX25: X | BY25: X | BZ25: X | CA25: X | CB25: X | CC25: X | CD25: X | CE25: X | CF25: X | CG25: X | CH25: X | CI25: X | CJ25: X | CK25: X | CL25: X | CN25: X | CO25: X | CP25: X | CQ25: X | CR25: X | CS25: X | CT25: X | CU25: X | CV25: X | CW25: X | CX25: X | CY25: X | CZ25: X | DA25: X | DB25: X | DC25: X
A26: 1796 | B26: CILANTRO 120 G | C26: NEVERA F | D26: TODOS | E26: INACTIVO | I26: FRIO | L26: 1 | M26: CN10 | BW26: X | BX26: X | BY26: X | BZ26: X | CA26: X | CB26: X | CC26: X | CD26: X | CE26: X | CF26: X | CG26: X | CH26: X | CI26: X | CK26: X | CL26: X | CN26: X | CP26: X | CQ26: X | CR26: X | CS26: X | CU26: X | CV26: X | CW26: X | CX26: X | CY26: X | CZ26: X | DA26: X | DB26: X | DC26: X
A27: 2606 | B27: CIRUELA IMPORTADA 500 G | C27: NEVERA F | D27: TODOS | E27: ACTIVO | I27: FRIO | L27: 1 | M27: CN12 | BW27: X | BX27: X | BY27: X | BZ27: X | CA27: X | CB27: X | CC27: X | CD27: X | CE27: X | CF27: X | CG27: X | CH27: X | CI27: X | CJ27: X | CK27: X | CL27: X | CN27: X | CO27: X | CP27: X | CQ27: X | CR27: X | CS27: X | CT27: X | CU27: X | CV27: X | CW27: X | CX27: X | CY27: X | CZ27: X | DA27: X | DB27: X | DC27: X
A28: 1797 | B28: CIRUELA NACIONAL 400 G | C28: NEVERA F | D28: TODOS | E28: ACTIVO | I28: FRIO | L28: 1 | M28: CN06 | BW28: X | BX28: X | BY28: X | BZ28: X | CA28: X | CB28: X | CC28: X | CD28: X | CE28: X | CF28: X | CG28: X | CH28: X | CI28: X | CJ28: X | CK28: X | CL28: X | CN28: X | CO28: X | CP28: X | CQ28: X | CR28: X | CS28: X | CT28: X | CU28: X | CV28: X | CW28: X | CX28: X | CY28: X | CZ28: X | DA28: X | DB28: X | DC28: X
A29: 1071 | B29: COGOLLO 3 UNIDADES 300 G | C29: NEVERA F | D29: MEDIO ALTO | E29: ACTIVO | I29: FRIO | L29: 1 | M29: CN10 | BW29: X | BX29: X | BY29: X | BZ29: X | CA29: X | CB29: X | CD29: X | CE29: X | CF29: X | CG29: X | CH29: X | CI29: X | CJ29: X | CN29: X | CO29: X | CP29: X | CQ29: X | CR29: X | CS29: X | CT29: X | CU29: X | CV29: X | CW29: X | CX29: X | CY29: X | DA29: X
A30: 1072 | B30: ESPINACA 150 G | C30: NEVERA F | D30: TODOS | E30: ACTIVO | I30: FRIO | L30: 1 | M30: CN10 | BW30: X | BX30: X | BY30: X | BZ30: X | CA30: X | CB30: X | CC30: X | CD30: X | CE30: X | CF30: X | CG30: X | CH30: X | CI30: X | CJ30: X | CK30: X | CL30: X | CN30: X | CO30: X | CP30: X | CQ30: X | CR30: X | CS30: X | CT30: X | CU30: X | CV30: X | CW30: X | CX30: X | CY30: X | CZ30: X | DA30: X | DB30: X | DC30: X
A31: 2603 | B31: FRESA 250 G - PURE VALLEY | C31: NEVERA F | D31: TODOS | E31: ACTIVO | I31: FRIO | K31: 1 | L31: 1 | M31: CN12 | BW31: X | BX31: X | BY31: X | BZ31: X | CA31: X | CB31: X | CC31: X | CD31: X | CE31: X | CF31: X | CG31: X | CH31: X | CI31: X | CJ31: X | CK31: X | CL31: X | CN31: X | CO31: X | CP31: X | CQ31: X | CR31: X | CS31: X | CT31: X | CU31: X | CV31: X | CW31: X | CX31: X | CY31: X | CZ31: X | DA31: X | DB31: X | DC31: X
A32: 3001 | B32: FRESA PARA JUGO 500 G | C32: EXTENDIDO | D32: TODOS | E32: ACTIVO | I32: FRIO | M32: CN10 | AR32: X | AS32: X | AT32: X | AU32: X | AV32: X | AW32: X | AX32: X | AY32: X | AZ32: X | BA32: X | BB32: X | BC32: X | BD32: X | BE32: X | BF32: X | BG32: X | BH32: X | BI32: X | BJ32: X | BK32: X | BL32: X | BM32: X | BN32: X | BO32: X | BP32: X | BQ32: X | BR32: X | BS32: X | BT32: X | BU32: X | BV32: X | BW32: X | BX32: X | BY32: X | BZ32: X | CA32: X | CB32: X | CC32: X | CD32: X | CE32: X | CF32: X | CG32: X | CH32: X | CI32: X | CJ32: X | CK32: X | CL32: X | CM32: X | CN32: X | CO32: X | CP32: X | CQ32: X | CR32: X | CS32: X | CT32: X | CU32: X | CV32: X | CW32: X | CX32: X | CY32: X | CZ32: X | DA32: X | DB32: X | DC32: X
A33: 3100 | B33: FLOR DE JAMAICA 15 G | C33: BASICO | D33: TODOS | E33: ACTIVO | I33: SECO | N33: X | O33: X | P33: X | Q33: X | R33: X | S33: X | T33: X | U33: X | V33: X | W33: X | X33: X | Y33: X | Z33: X | AA33: X | AB33: X | AC33: X | AD33: X | AE33: X | AF33: X | AG33: X | AH33: X | AI33: X | AJ33: X | AK33: X | AL33: X | AM33: X | AN33: X | AO33: X | AP33: X | AQ33: X | AR33: X | AS33: X | AT33: X | AU33: X | AV33: X | AW33: X | AX33: X | AY33: X | AZ33: X | BA33: X | BB33: X | BC33: X | BD33: X | BE33: X | BF33: X | BG33: X | BH33: X | BI33: X | BJ33: X | BK33: X | BL33: X | BM33: X | BN33: X | BO33: X | BP33: X | BQ33: X | BR33: X | BS33: X | BT33: X | BU33: X | BV33: X | BW33: X | BX33: X | BY33: X | BZ33: X | CA33: X | CB33: X | CC33: X | CD33: X | CE33: X | CF33: X | CG33: X | CH33: X | CI33: X | CJ33: X | CK33: X | CL33: X | CM33: X | CN33: X | CO33: X | CP33: X | CQ33: X | CR33: X | CS33: X | CT33: X | CU33: X | CV33: X | CW33: X | CX33: X | CY33: X | CZ33: X | DA33: X | DB33: X | DC33: X
A34: 1800 | B34: GRANADILLA 450 G | C34: EXTENDIDO | D34: TODOS | E34: ACTIVO | I34: SECO | K34: 1 | L34: 1 | M34: CN08 | AR34: X | AS34: X | AT34: X | AU34: X | AV34: X | AW34: X | AX34: X | AY34: X | AZ34: X | BA34: X | BB34: X | BC34: X | BD34: X | BE34: X | BF34: X | BG34: X | BH34: X | BI34: X | BJ34: X | BK34: X | BL34: X | BM34: X | BN34: X | BO34: X | BP34: X | BQ34: X | BR34: X | BS34: X | BT34: X | BU34: X | BV34: X | BW34: X | BX34: X | BY34: X | BZ34: X | CA34: X | CB34: X | CC34: X | CD34: X | CE34: X | CF34: X | CG34: X | CH34: X | CI34: X | CJ34: X | CK34: X | CL34: X | CM34: X | CN34: X | CO34: X | CP34: X | CQ34: X | CR34: X | CS34: X | CT34: X | CU34: X | CV34: X | CW34: X | CX34: X | CY34: X | CZ34: X | DA34: X | DB34: X | DC34: X
A35: 1801 | B35: GUAYABA PERA 500 G | C35: EXTENDIDO | D35: TODOS | E35: INACTIVO | I35: SECO | K35: 1 | L35: 1 | M35: CN08 | AR35: X | AS35: X | AT35: X | AU35: X | AV35: X | AW35: X | AX35: X | AY35: X | AZ35: X | BA35: X | BB35: X | BC35: X | BD35: X | BE35: X | BF35: X | BG35: X | BH35: X | BI35: X | BJ35: X | BK35: X | BL35: X | BM35: X | BN35: X | BO35: X | BP35: X | BQ35: X | BR35: X | BS35: X | BT35: X | BU35: X | BV35: X | BW35: X | BX35: X | BY35: X | BZ35: X | CA35: X | CB35: X | CC35: X | CD35: X | CE35: X | CF35: X | CG35: X | CH35: X | CI35: X | CJ35: X | CK35: X | CL35: X | CM35: X | CN35: X | CO35: X | CP35: X | CQ35: X | CR35: X | CS35: X | CT35: X | CU35: X | CV35: X | CW35: X | CX35: X | CY35: X | CZ35: X | DA35: X | DB35: X | DC35: X
A36: 1820 | B36: GULUPA 500 G | C36: EXTENDIDO | D36: TODOS | E36: INACTIVO | I36: SECO | K36: 1 | L36: 1 | M36: CN10 | AR36: X | AS36: X | AT36: X | AU36: X | AV36: X | AW36: X | AX36: X | AY36: X | AZ36: X | BA36: X | BB36: X | BC36: X | BD36: X | BE36: X | BF36: X | BG36: X | BH36: X | BI36: X | BJ36: X | BK36: X | BL36: X | BM36: X | BN36: X | BO36: X | BP36: X | BQ36: X | BR36: X | BS36: X | BT36: X | BU36: X | BV36: X | BW36: X | BX36: X | BY36: X | BZ36: X | CA36: X | CB36: X | CC36: X | CD36: X | CE36: X | CF36: X | CG36: X | CH36: X | CI36: X | CJ36: X | CK36: X | CL36: X | CM36: X | CN36: X | CO36: X | CP36: X | CQ36: X | CR36: X | CS36: X | CT36: X | CU36: X | CV36: X | CW36: X | CX36: X | CY36: X | CZ36: X | DA36: X | DB36: X | DC36: X
A37: 1803 | B37: KIWI 200 G | C37: EXTENDIDO | D37: TODOS | E37: ACTIVO | I37: FRIO | K37: 1 | L37: 1 | M37: CN08 | AR37: X | AS37: X | AT37: X | AU37: X | AV37: X | AW37: X | AX37: X | AY37: X | AZ37: X | BA37: X | BB37: X | BC37: X | BD37: X | BE37: X | BF37: X | BG37: X | BH37: X | BI37: X | BJ37: X | BK37: X | BL37: X | BM37: X | BN37: X | BO37: X | BP37: X | BQ37: X | BR37: X | BS37: X | BT37: X | BU37: X | BV37: X | BW37: X | BX37: X | BY37: X | BZ37: X | CA37: X | CB37: X | CC37: X | CD37: X | CE37: X | CF37: X | CG37: X | CH37: X | CI37: X | CJ37: X | CK37: X | CL37: X | CM37: X | CN37: X | CO37: X | CP37: X | CQ37: X | CR37: X | CS37: X | CT37: X | CU37: X | CV37: X | CW37: X | CX37: X | CY37: X | CZ37: X | DA37: X | DB37: X | DC37: X | DD37: X
A38: 3112 | B38: LECHUGA BATAVIA UND | C38: NEVERA F | D38: TODOS | E38: ACTIVO | I38: FRIO | BW38: X | BX38: X | BY38: X | BZ38: X | CA38: X | CB38: X | CC38: X | CD38: X | CE38: X | CF38: X | CG38: X | CH38: X | CI38: X | CJ38: X | CK38: X | CL38: X | CN38: X | CO38: X | CP38: X | CQ38: X | CR38: X | CS38: X | CT38: X | CU38: X | CV38: X | CW38: X | CX38: X | CY38: X | CZ38: X | DA38: X | DB38: X | DC38: X
A39: 1079 | B39: LECHUGA CRESPA VERDE UNIDAD | C39: NEVERA F | D39: TODOS | E39: ACTIVO | I39: FRIO | K39: 1 | L39: 1 | M39: CN12 | BW39: X | BX39: X | BY39: X | BZ39: X | CA39: X | CB39: X | CC39: X | CD39: X | CE39: X | CF39: X | CG39: X | CH39: X | CI39: X | CJ39: X | CK39: X | CL39: X | CN39: X | CO39: X | CP39: X | CQ39: X | CR39: X | CS39: X | CT39: X | CU39: X | CV39: X | CW39: X | CX39: X | CY39: X | CZ39: X | DA39: X | DB39: X | DC39: X
A40: 965 | B40: LIMON TAHITI 500 G | C40: BASICO | D40: TODOS | E40: INACTIVO | I40: SECO | J40: 1 | K40: 1 | L40: 1 | M40: CN12 | N40: X | O40: X | P40: X | Q40: X | R40: X | S40: X | T40: X | U40: X | V40: X | W40: X | X40: X | Y40: X | Z40: X | AA40: X | AB40: X | AC40: X | AD40: X | AE40: X | AF40: X | AG40: X | AH40: X | AI40: X | AJ40: X | AK40: X | AL40: X | AM40: X | AN40: X | AO40: X | AP40: X | AQ40: X | AR40: X | AS40: X | AT40: X | AU40: X | AV40: X | AW40: X | AX40: X | AY40: X | AZ40: X | BA40: X | BB40: X | BC40: X | BD40: X | BE40: X | BF40: X | BG40: X | BH40: X | BI40: X | BJ40: X | BK40: X | BL40: X | BM40: X | BN40: X | BO40: X | BP40: X | BQ40: X | BR40: X | BS40: X | BT40: X | BU40: X | BV40: X | BW40: X | BX40: X | BY40: X | BZ40: X | CA40: X | CB40: X | CC40: X | CD40: X | CE40: X | CF40: X | CG40: X | CH40: X | CI40: X | CJ40: X | CK40: X | CL40: X | CM40: X | CN40: X | CO40: X | CP40: X | CQ40: X | CR40: X | CS40: X | CT40: X | CU40: X | CV40: X | CW40: X | CX40: X | CY40: X | CZ40: X | DA40: X | DB40: X | DC40: X
A41: 2247 | B41: LIMON X 1000 G | C41: BASICO | D41: TODOS | E41: ACTIVO | I41: SECO | J41: 1 | K41: 1 | L41: 1 | M41: CN10 | N41: X | O41: X | P41: X | Q41: X | R41: X | S41: X | T41: X | U41: X | V41: X | W41: X | X41: X | Y41: X | Z41: X | AA41: X | AB41: X | AC41: X | AD41: X | AE41: X | AF41: X | AG41: X | AH41: X | AI41: X | AJ41: X | AK41: X | AL41: X | AM41: X | AN41: X | AO41: X | AP41: X | AQ41: X | AR41: X | AS41: X | AT41: X | AU41: X | AV41: X | AW41: X | AX41: X | AY41: X | AZ41: X | BA41: X | BB41: X | BC41: X | BD41: X | BE41: X | BF41: X | BG41: X | BH41: X | BI41: X | BJ41: X | BK41: X | BL41: X | BM41: X | BN41: X | BO41: X | BP41: X | BQ41: X | BR41: X | BS41: X | BT41: X | BU41: X | BV41: X | BW41: X | BX41: X | BY41: X | BZ41: X | CA41: X | CB41: X | CC41: X | CD41: X | CE41: X | CF41: X | CG41: X | CH41: X | CI41: X | CJ41: X | CK41: X | CL41: X | CM41: X | CN41: X | CO41: X | CP41: X | CQ41: X | CR41: X | CS41: X | CT41: X | CU41: X | CV41: X | CW41: X | CX41: X | CY41: X | CZ41: X | DA41: X | DB41: X | DC41: X
A42: 1804 | B42: LULO 600 G | C42: NEVERA F | D42: TODOS | E42: ACTIVO | I42: FRIO | L42: 1 | M42: CN08 | BW42: X | BX42: X | BY42: X | BZ42: X | CA42: X | CB42: X | CC42: X | CD42: X | CE42: X | CF42: X | CG42: X | CH42: X | CI42: X | CJ42: X | CK42: X | CL42: X | CN42: X | CO42: X | CP42: X | CQ42: X | CR42: X | CS42: X | CT42: X | CU42: X | CV42: X | CW42: X | CX42: X | CY42: X | CZ42: X | DA42: X | DB42: X | DC42: X
A43: 1805 | B43: MANDARINA 500 G | C43: EXTENDIDO | D43: TODOS | E43: ACTIVO | I43: SECO | K43: 1 | L43: 1 | M43: CN08 | AR43: X | AS43: X | AT43: X | AU43: X | AV43: X | AW43: X | AX43: X | AY43: X | AZ43: X | BA43: X | BB43: X | BC43: X | BD43: X | BE43: X | BF43: X | BG43: X | BH43: X | BI43: X | BJ43: X | BK43: X | BL43: X | BM43: X | BN43: X | BO43: X | BP43: X | BQ43: X | BR43: X | BS43: X | BT43: X | BU43: X | BV43: X | BW43: X | BX43: X | BY43: X | BZ43: X | CA43: X | CB43: X | CC43: X | CD43: X | CE43: X | CF43: X | CG43: X | CH43: X | CI43: X | CJ43: X | CK43: X | CL43: X | CM43: X | CN43: X | CO43: X | CP43: X | CQ43: X | CR43: X | CS43: X | CT43: X | CU43: X | CV43: X | CW43: X | CX43: X | CY43: X | CZ43: X | DA43: X | DB43: X | DC43: X
A44: 2600 | B44: MANDARINA IMPORTADA *500GR | C44: NEVERA F | D44: TODOS | E44: INACTIVO | I44: FRIO | L44: 1 | M44: CN12 | BW44: X | BX44: X | BY44: X | BZ44: X | CA44: X | CB44: X | CC44: X | CD44: X | CE44: X | CF44: X | CG44: X | CH44: X | CI44: X | CK44: X | CL44: X | CN44: X | CP44: X | CQ44: X | CR44: X | CS44: X | CU44: X | CV44: X | CW44: X | CX44: X | CY44: X | CZ44: X | DA44: X | DB44: X | DC44: X
A45: 1807 | B45: MANGO VARIEDAD UNIDAD | C45: EXTENDIDO | D45: TODOS | E45: ACTIVO | I45: SECO | K45: 1 | L45: 1 | M45: CN10 | AR45: X | AS45: X | AT45: X | AU45: X | AV45: X | AW45: X | AX45: X | AY45: X | AZ45: X | BA45: X | BB45: X | BC45: X | BD45: X | BE45: X | BF45: X | BG45: X | BH45: X | BI45: X | BJ45: X | BK45: X | BL45: X | BM45: X | BN45: X | BO45: X | BP45: X | BQ45: X | BR45: X | BS45: X | BT45: X | BU45: X | BV45: X | BW45: X | BX45: X | BY45: X | BZ45: X | CA45: X | CB45: X | CC45: X | CD45: X | CE45: X | CF45: X | CG45: X | CH45: X | CI45: X | CJ45: X | CK45: X | CL45: X | CM45: X | CN45: X | CO45: X | CP45: X | CQ45: X | CR45: X | CS45: X | CT45: X | CU45: X | CV45: X | CW45: X | CX45: X | CY45: X | CZ45: X | DA45: X | DB45: X | DC45: X
A46: 1808 | B46: MANZANA MIXTA LONCHERA 500 G | C46: BASICO | D46: TODOS | E46: ACTIVO | I46: SECO | M46: CN12 | N46: X | O46: X | P46: X | Q46: X | R46: X | S46: X | T46: X | U46: X | V46: X | W46: X | X46: X | Y46: X | Z46: X | AA46: X | AB46: X | AC46: X | AD46: X | AE46: X | AF46: X | AG46: X | AH46: X | AI46: X | AJ46: X | AK46: X | AL46: X | AM46: X | AN46: X | AO46: X | AP46: X | AQ46: X | AR46: X | AS46: X | AT46: X | AU46: X | AV46: X | AW46: X | AX46: X | AY46: X | AZ46: X | BA46: X | BB46: X | BC46: X | BD46: X | BE46: X | BF46: X | BG46: X | BH46: X | BI46: X | BJ46: X | BK46: X | BL46: X | BM46: X | BN46: X | BO46: X | BP46: X | BQ46: X | BR46: X | BS46: X | BT46: X | BU46: X | BV46: X | BW46: X | BX46: X | BY46: X | BZ46: X | CA46: X | CB46: X | CC46: X | CD46: X | CE46: X | CF46: X | CG46: X | CH46: X | CI46: X | CJ46: X | CK46: X | CL46: X | CM46: X | CN46: X | CO46: X | CP46: X | CQ46: X | CR46: X | CS46: X | CT46: X | CU46: X | CV46: X | CW46: X | CX46: X | CY46: X | CZ46: X | DA46: X | DB46: X | DC46: X
A47: 2987 | B47: MANZANA PINK LADY | C47: NEVERA F | D47: TODOS | E47: ACTIVO | I47: FRIO | M47: CN15 | BW47: X | BX47: X | BY47: X | BZ47: X | CA47: X | CB47: X | CC47: X | CD47: X | CE47: X | CF47: X | CG47: X | CH47: X | CI47: X | CJ47: X | CK47: X | CL47: X | CN47: X | CO47: X | CP47: X | CQ47: X | CR47: X | CS47: X | CT47: X | CU47: X | CV47: X | CW47: X | CX47: X | CY47: X | CZ47: X | DA47: X | DB47: X | DC47: X
A48: 1671 | B48: MANZANA ROYAL GALA UND | C48: BASICO | D48: TODOS | E48: ACTIVO | I48: SECO | J48: 1 | K48: 1 | L48: 1 | M48: CN25 | N48: X | O48: X | P48: X | Q48: X | R48: X | S48: X | T48: X | U48: X | V48: X | W48: X | X48: X | Y48: X | Z48: X | AA48: X | AB48: X | AC48: X | AD48: X | AE48: X | AF48: X | AG48: X | AH48: X | AI48: X | AJ48: X | AK48: X | AL48: X | AM48: X | AN48: X | AO48: X | AP48: X | AQ48: X | AR48: X | AS48: X | AT48: X | AU48: X | AV48: X | AW48: X | AX48: X | AY48: X | AZ48: X | BA48: X | BB48: X | BC48: X | BD48: X | BE48: X | BF48: X | BG48: X | BH48: X | BI48: X | BJ48: X | BK48: X | BL48: X | BM48: X | BN48: X | BO48: X | BP48: X | BQ48: X | BR48: X | BS48: X | BT48: X | BU48: X | BV48: X | BW48: X | BX48: X | BY48: X | BZ48: X | CA48: X | CB48: X | CC48: X | CD48: X | CE48: X | CF48: X | CG48: X | CH48: X | CI48: X | CJ48: X | CK48: X | CL48: X | CM48: X | CN48: X | CO48: X | CP48: X | CQ48: X | CR48: X | CS48: X | CT48: X | CU48: X | CV48: X | CW48: X | CX48: X | CY48: X | CZ48: X | DA48: X | DB48: X | DC48: X | DD48: X
A49: 2243 | B49: MANZANA ROYAL BOLSA 500 G | C49: BASICO | D49: TODOS | E49: ACTIVO | I49: SECO | J49: 1 | K49: 1 | L49: 1 | M49: CN12 | N49: X | O49: X | P49: X | Q49: X | R49: X | S49: X | T49: X | U49: X | V49: X | W49: X | X49: X | Y49: X | Z49: X | AA49: X | AB49: X | AC49: X | AD49: X | AE49: X | AF49: X | AG49: X | AH49: X | AI49: X | AJ49: X | AK49: X | AL49: X | AM49: X | AN49: X | AO49: X | AP49: X | AQ49: X | AR49: X | AS49: X | AT49: X | AU49: X | AV49: X | AW49: X | AX49: X | AY49: X | AZ49: X | BA49: X | BB49: X | BC49: X | BD49: X | BE49: X | BF49: X | BG49: X | BH49: X | BI49: X | BJ49: X | BK49: X | BL49: X | BM49: X | BN49: X | BO49: X | BP49: X | BQ49: X | BR49: X | BS49: X | BT49: X | BU49: X | BV49: X | BW49: X | BX49: X | BY49: X | BZ49: X | CA49: X | CB49: X | CC49: X | CD49: X | CE49: X | CF49: X | CG49: X | CH49: X | CI49: X | CJ49: X | CK49: X | CL49: X | CM49: X | CN49: X | CO49: X | CP49: X | CQ49: X | CR49: X | CS49: X | CT49: X | CU49: X | CV49: X | CW49: X | CX49: X | CY49: X | CZ49: X | DA49: X | DB49: X | DC49: X
A50: 2244 | B50: MANZANA VERDE BOLSA 500 G | C50: BASICO | D50: TODOS | E50: ACTIVO | I50: SECO | J50: 1 | K50: 1 | L50: 1 | M50: CN12 | N50: X | O50: X | P50: X | Q50: X | R50: X | S50: X | T50: X | U50: X | V50: X | W50: X | X50: X | Y50: X | Z50: X | AA50: X | AB50: X | AC50: X | AD50: X | AE50: X | AF50: X | AG50: X | AH50: X | AI50: X | AJ50: X | AK50: X | AL50: X | AM50: X | AN50: X | AO50: X | AP50: X | AQ50: X | AR50: X | AS50: X | AT50: X | AU50: X | AV50: X | AW50: X | AX50: X | AY50: X | AZ50: X | BA50: X | BB50: X | BC50: X | BD50: X | BE50: X | BF50: X | BG50: X | BH50: X | BI50: X | BJ50: X | BK50: X | BL50: X | BM50: X | BN50: X | BO50: X | BP50: X | BQ50: X | BR50: X | BS50: X | BT50: X | BU50: X | BV50: X | BW50: X | BX50: X | BY50: X | BZ50: X | CA50: X | CB50: X | CC50: X | CD50: X | CE50: X | CF50: X | CG50: X | CH50: X | CI50: X | CJ50: X | CK50: X | CL50: X | CM50: X | CN50: X | CO50: X | CP50: X | CQ50: X | CR50: X | CS50: X | CT50: X | CU50: X | CV50: X | CW50: X | CX50: X | CY50: X | CZ50: X | DA50: X | DB50: X | DC50: X
A51: 1673 | B51: MANZANA VERDE UND | C51: BASICO | D51: TODOS | E51: ACTIVO | I51: SECO | J51: 1 | K51: 1 | L51: 1 | M51: CN25 | N51: X | O51: X | P51: X | Q51: X | R51: X | S51: X | T51: X | U51: X | V51: X | W51: X | X51: X | Y51: X | Z51: X | AA51: X | AB51: X | AC51: X | AD51: X | AE51: X | AF51: X | AG51: X | AH51: X | AI51: X | AJ51: X | AK51: X | AL51: X | AM51: X | AN51: X | AO51: X | AP51: X | AQ51: X | AR51: X | AS51: X | AT51: X | AU51: X | AV51: X | AW51: X | AX51: X | AY51: X | AZ51: X | BA51: X | BB51: X | BC51: X | BD51: X | BE51: X | BF51: X | BG51: X | BH51: X | BI51: X | BJ51: X | BK51: X | BL51: X | BM51: X | BN51: X | BO51: X | BP51: X | BQ51: X | BR51: X | BS51: X | BT51: X | BU51: X | BV51: X | BW51: X | BX51: X | BY51: X | BZ51: X | CA51: X | CB51: X | CC51: X | CD51: X | CE51: X | CF51: X | CG51: X | CH51: X | CI51: X | CJ51: X | CK51: X | CL51: X | CM51: X | CN51: X | CO51: X | CP51: X | CQ51: X | CR51: X | CS51: X | CT51: X | CU51: X | CV51: X | CW51: X | CX51: X | CY51: X | CZ51: X | DA51: X | DB51: X | DC51: X | DD51: X
A52: 1075 | B52: MARACUYA 750 G | C52: EXTENDIDO | D52: TODOS | E52: INACTIVO | I52: SECO | K52: 1 | L52: 1 | M52: CN10 | AR52: X | AS52: X | AT52: X | AU52: X | AV52: X | AW52: X | AX52: X | AY52: X | AZ52: X | BA52: X | BB52: X | BC52: X | BD52: X | BE52: X | BF52: X | BG52: X | BH52: X | BI52: X | BJ52: X | BK52: X | BL52: X | BM52: X | BN52: X | BO52: X | BP52: X | BQ52: X | BR52: X | BS52: X | BT52: X | BU52: X | BV52: X | BW52: X | BX52: X | BY52: X | BZ52: X | CA52: X | CB52: X | CC52: X | CD52: X | CE52: X | CF52: X | CG52: X | CH52: X | CI52: X | CJ52: X | CK52: X | CL52: X | CM52: X | CN52: X | CO52: X | CP52: X | CQ52: X | CR52: X | CS52: X | CT52: X | CU52: X | CV52: X | CW52: X | CX52: X | CY52: X | CZ52: X | DA52: X | DB52: X | DC52: X
A53: 1816 | B53: MAZORCA 600 G | C53: NEVERA F | D53: TODOS | E53: ACTIVO | I53: FRIO | L53: 1 | M53: CN08 | BW53: X | BX53: X | BY53: X | BZ53: X | CA53: X | CB53: X | CC53: X | CD53: X | CE53: X | CF53: X | CG53: X | CH53: X | CI53: X | CJ53: X | CK53: X | CL53: X | CN53: X | CO53: X | CP53: X | CQ53: X | CR53: X | CS53: X | CT53: X | CU53: X | CV53: X | CW53: X | CX53: X | CY53: X | CZ53: X | DA53: X | DB53: X | DC53: X
A54: 2050 | B54: MIX FRUTAS IMPORTADAS | C54: BASICO | D54: MEDIO ALTO | E54: ACTIVO | I54: FRIO | J54: 1 | K54: 1 | L54: 1 | M54: CN06 | N54: X | O54: X | T54: X | Z54: X | AB54: X | AC54: X | AE54: X | AF54: X | AH54: X | AN54: X | AP54: X | AS54: X | AT54: X | AV54: X | AX54: X | AY54: X | AZ54: X | BB54: X | BD54: X | BE54: X | BG54: X | BH54: X | BI54: X | BK54: X | BL54: X | BN54: X | BO54: X | BP54: X | BV54: X | BW54: X | BX54: X | BY54: X | BZ54: X | CA54: X | CB54: X | CD54: X | CE54: X | CF54: X | CG54: X | CH54: X | CI54: X | CJ54: X | CM54: X | CN54: X | CO54: X | CP54: X | CQ54: X | CR54: X | CS54: X | CT54: X | CU54: X | CV54: X | CW54: X | CX54: X | CY54: X | DA54: X
A55: 1806 | B55: NARANJA TANGELO 1000 G | C55: EXTENDIDO | D55: TODOS | E55: ACTIVO | I55: SECO | K55: 1 | L55: 1 | M55: CN08 | AR55: X | AS55: X | AT55: X | AU55: X | AV55: X | AW55: X | AX55: X | AY55: X | AZ55: X | BA55: X | BB55: X | BC55: X | BD55: X | BE55: X | BF55: X | BG55: X | BH55: X | BI55: X | BJ55: X | BK55: X | BL55: X | BM55: X | BN55: X | BO55: X | BP55: X | BQ55: X | BR55: X | BS55: X | BT55: X | BU55: X | BV55: X | BW55: X | BX55: X | BY55: X | BZ55: X | CA55: X | CB55: X | CC55: X | CD55: X | CE55: X | CF55: X | CG55: X | CH55: X | CI55: X | CJ55: X | CK55: X | CL55: X | CM55: X | CN55: X | CO55: X | CP55: X | CQ55: X | CR55: X | CS55: X | CT55: X | CU55: X | CV55: X | CW55: X | CX55: X | CY55: X | CZ55: X | DA55: X | DB55: X | DC55: X
A56: 1068 | B56: NARANJA VALENCIA MEDIANA 1500 G | C56: EXTENDIDO | D56: TODOS | E56: INACTIVO | I56: SECO | K56: 1 | L56: 1 | M56: CN08 | AR56: X | AS56: X | AT56: X | AU56: X | AV56: X | AW56: X | AX56: X | AY56: X | AZ56: X | BA56: X | BB56: X | BC56: X | BD56: X | BE56: X | BF56: X | BG56: X | BH56: X | BI56: X | BJ56: X | BK56: X | BL56: X | BM56: X | BN56: X | BO56: X | BP56: X | BQ56: X | BR56: X | BS56: X | BT56: X | BU56: X | BV56: X | BW56: X | BX56: X | BY56: X | BZ56: X | CA56: X | CB56: X | CC56: X | CD56: X | CE56: X | CF56: X | CG56: X | CH56: X | CI56: X | CJ56: X | CK56: X | CL56: X | CM56: X | CN56: X | CO56: X | CP56: X | CQ56: X | CR56: X | CS56: X | CT56: X | CU56: X | CV56: X | CW56: X | CX56: X | CY56: X | CZ56: X | DA56: X | DB56: X | DC56: X
A57: 2607 | B57: NECTARIN 500 G | C57: NEVERA F | D57: MEDIO ALTO | E57: ACTIVO | I57: FRIO | L57: 1 | M57: CN12 | BW57: X | BX57: X | BY57: X | BZ57: X | CA57: X | CB57: X | CD57: X | CE57: X | CF57: X | CG57: X | CH57: X | CI57: X | CJ57: X | CN57: X | CO57: X | CP57: X | CQ57: X | CR57: X | CS57: X | CT57: X | CU57: X | CV57: X | CW57: X | CX57: X | CY57: X | DA57: X
A58: 1675 | B58: PAPA 1000 GR | C58: BASICO | D58: TODOS | E58: INACTIVO | I58: SECO | J58: 1 | K58: 1 | L58: 1 | M58: CN10 | N58: X | O58: X | P58: X | Q58: X | R58: X | S58: X | T58: X | U58: X | V58: X | W58: X | X58: X | Y58: X | Z58: X | AA58: X | AB58: X | AC58: X | AD58: X | AE58: X | AF58: X | AG58: X | AH58: X | AI58: X | AJ58: X | AK58: X | AL58: X | AM58: X | AN58: X | AO58: X | AP58: X | AQ58: X | AR58: X | AS58: X | AT58: X | AU58: X | AV58: X | AW58: X | AX58: X | AY58: X | AZ58: X | BA58: X | BB58: X | BC58: X | BD58: X | BE58: X | BF58: X | BG58: X | BH58: X | BI58: X | BJ58: X | BK58: X | BL58: X | BM58: X | BN58: X | BO58: X | BP58: X | BQ58: X | BR58: X | BS58: X | BT58: X | BU58: X | BV58: X | BW58: X | BX58: X | BY58: X | BZ58: X | CA58: X | CB58: X | CC58: X | CD58: X | CE58: X | CF58: X | CG58: X | CH58: X | CI58: X | CJ58: X | CK58: X | CL58: X | CM58: X | CN58: X | CO58: X | CP58: X | CQ58: X | CR58: X | CS58: X | CT58: X | CU58: X | CV58: X | CW58: X | CX58: X | CY58: X | CZ58: X | DA58: X | DB58: X | DC58: X
A59: 231 | B59: PAPA 2000 G | C59: BASICO | D59: TODOS | E59: ACTIVO | I59: SECO | J59: 2 | K59: 1 | L59: 1 | M59: CN08 | N59: X | O59: X | P59: X | Q59: X | R59: X | S59: X | T59: X | U59: X | V59: X | W59: X | X59: X | Y59: X | Z59: X | AA59: X | AB59: X | AC59: X | AD59: X | AE59: X | AF59: X | AG59: X | AH59: X | AI59: X | AJ59: X | AK59: X | AL59: X | AM59: X | AN59: X | AO59: X | AP59: X | AQ59: X | AR59: X | AS59: X | AT59: X | AU59: X | AV59: X | AW59: X | AX59: X | AY59: X | AZ59: X | BA59: X | BB59: X | BC59: X | BD59: X | BE59: X | BF59: X | BG59: X | BH59: X | BI59: X | BJ59: X | BK59: X | BL59: X | BM59: X | BN59: X | BO59: X | BP59: X | BQ59: X | BR59: X | BS59: X | BT59: X | BU59: X | BV59: X | BW59: X | BX59: X | BY59: X | BZ59: X | CA59: X | CB59: X | CC59: X | CD59: X | CE59: X | CF59: X | CG59: X | CH59: X | CI59: X | CJ59: X | CK59: X | CL59: X | CM59: X | CN59: X | CO59: X | CP59: X | CQ59: X | CR59: X | CS59: X | CT59: X | CU59: X | CV59: X | CW59: X | CX59: X | CY59: X | CZ59: X | DA59: X | DB59: X | DC59: X
A60: 1868 | B60: PAPA PAREJA 1000 (MINI ) G | C60: BASICO | D60: TODOS | E60: ACTIVO | I60: SECO | J60: 2 | K60: 1 | L60: 1 | M60: CN10 | N60: X | O60: X | P60: X | Q60: X | R60: X | S60: X | T60: X | U60: X | V60: X | W60: X | X60: X | Y60: X | Z60: X | AA60: X | AB60: X | AC60: X | AD60: X | AE60: X | AF60: X | AG60: X | AH60: X | AI60: X | AJ60: X | AK60: X | AL60: X | AM60: X | AN60: X | AO60: X | AP60: X | AQ60: X | AR60: X | AS60: X | AT60: X | AU60: X | AV60: X | AW60: X | AX60: X | AY60: X | AZ60: X | BA60: X | BB60: X | BC60: X | BD60: X | BE60: X | BF60: X | BG60: X | BH60: X | BI60: X | BJ60: X | BK60: X | BL60: X | BM60: X | BN60: X | BO60: X | BP60: X | BQ60: X | BR60: X | BS60: X | BT60: X | BU60: X | BV60: X | BW60: X | BX60: X | BY60: X | BZ60: X | CA60: X | CB60: X | CC60: X | CD60: X | CE60: X | CF60: X | CG60: X | CH60: X | CI60: X | CJ60: X | CK60: X | CL60: X | CM60: X | CN60: X | CO60: X | CP60: X | CQ60: X | CR60: X | CS60: X | CT60: X | CU60: X | CV60: X | CW60: X | CX60: X | CY60: X | CZ60: X | DA60: X | DB60: X | DC60: X
A61: 1076 | B61: PAPAYA 800 G | C61: EXTENDIDO | D61: TODOS | E61: INACTIVO | I61: SECO | K61: 1 | L61: 1 | M61: CN10 | AR61: X | AS61: X | AT61: X | AU61: X | AV61: X | AW61: X | AX61: X | AY61: X | AZ61: X | BA61: X | BB61: X | BC61: X | BD61: X | BE61: X | BF61: X | BG61: X | BH61: X | BI61: X | BJ61: X | BK61: X | BL61: X | BM61: X | BN61: X | BO61: X | BP61: X | BQ61: X | BR61: X | BS61: X | BT61: X | BU61: X | BV61: X | BW61: X | BX61: X | BY61: X | BZ61: X | CA61: X | CB61: X | CC61: X | CD61: X | CE61: X | CF61: X | CG61: X | CH61: X | CI61: X | CJ61: X | CK61: X | CL61: X | CM61: X | CN61: X | CO61: X | CP61: X | CQ61: X | CR61: X | CS61: X | CT61: X | CU61: X | CV61: X | CW61: X | CX61: X | CY61: X | CZ61: X | DA61: X | DB61: X | DC61: X
A62: 2473 | B62: PAPAYA MEDIANA UNIDAD | C62: EXTENDIDO | D62: TODOS | E62: ACTIVO | I62: SECO | K62: 1 | L62: 1 | M62: CN08 | AR62: X | AS62: X | AT62: X | AU62: X | AV62: X | AW62: X | AX62: X | AY62: X | AZ62: X | BA62: X | BB62: X | BC62: X | BD62: X | BE62: X | BF62: X | BG62: X | BH62: X | BI62: X | BJ62: X | BK62: X | BL62: X | BM62: X | BN62: X | BO62: X | BP62: X | BQ62: X | BR62: X | BS62: X | BT62: X | BU62: X | BV62: X | BW62: X | BX62: X | BY62: X | BZ62: X | CA62: X | CB62: X | CC62: X | CD62: X | CE62: X | CF62: X | CG62: X | CH62: X | CI62: X | CJ62: X | CK62: X | CL62: X | CM62: X | CN62: X | CO62: X | CP62: X | CQ62: X | CR62: X | CS62: X | CT62: X | CU62: X | CV62: X | CW62: X | CX62: X | CY62: X | CZ62: X | DA62: X | DB62: X | DC62: X
A63: 1623 | B63: PEPINO COHOMBRO UND | C63: EXTENDIDO | D63: TODOS | E63: ACTIVO | I63: FRIO | K63: 1 | L63: 1 | M63: CN10 | AR63: X | AS63: X | AT63: X | AU63: X | AV63: X | AW63: X | AX63: X | AY63: X | AZ63: X | BA63: X | BB63: X | BC63: X | BD63: X | BE63: X | BF63: X | BG63: X | BH63: X | BI63: X | BJ63: X | BK63: X | BL63: X | BM63: X | BN63: X | BO63: X | BP63: X | BQ63: X | BR63: X | BS63: X | BT63: X | BU63: X | BV63: X | BW63: X | BX63: X | BY63: X | BZ63: X | CA63: X | CB63: X | CC63: X | CD63: X | CE63: X | CF63: X | CG63: X | CH63: X | CI63: X | CJ63: X | CK63: X | CL63: X | CM63: X | CN63: X | CO63: X | CP63: X | CQ63: X | CR63: X | CS63: X | CT63: X | CU63: X | CV63: X | CW63: X | CX63: X | CY63: X | CZ63: X | DA63: X | DB63: X | DC63: X | DD63: X
A64: 1867 | B64: PERA VERDE IMPORTADA UNIDAD | C64: EXTENDIDO | D64: TODOS | E64: ACTIVO | I64: FRIO | K64: 1 | L64: 1 | M64: CN22 | AR64: X | AS64: X | AT64: X | AU64: X | AV64: X | AW64: X | AX64: X | AY64: X | AZ64: X | BA64: X | BB64: X | BC64: X | BD64: X | BE64: X | BF64: X | BG64: X | BH64: X | BI64: X | BJ64: X | BK64: X | BL64: X | BM64: X | BN64: X | BO64: X | BP64: X | BQ64: X | BR64: X | BS64: X | BT64: X | BU64: X | BV64: X | BW64: X | BX64: X | BY64: X | BZ64: X | CA64: X | CB64: X | CC64: X | CD64: X | CE64: X | CF64: X | CG64: X | CH64: X | CI64: X | CJ64: X | CK64: X | CL64: X | CM64: X | CN64: X | CO64: X | CP64: X | CQ64: X | CR64: X | CS64: X | CT64: X | CU64: X | CV64: X | CW64: X | CX64: X | CY64: X | CZ64: X | DA64: X | DB64: X | DC64: X | DD64: X
A65: 2001 | B65: PIMENTON 300 G | C65: NEVERA F | D65: TODOS | E65: ACTIVO | I65: FRIO | L65: 1 | M65: CN12 | BW65: X | BX65: X | BY65: X | BZ65: X | CA65: X | CB65: X | CC65: X | CD65: X | CE65: X | CF65: X | CG65: X | CH65: X | CI65: X | CJ65: X | CK65: X | CL65: X | CN65: X | CO65: X | CP65: X | CQ65: X | CR65: X | CS65: X | CT65: X | CU65: X | CV65: X | CW65: X | CX65: X | CY65: X | CZ65: X | DA65: X | DB65: X | DC65: X
A66: 883 | B66: PINA UNIDAD | C66: EXTENDIDO | D66: TODOS | E66: ACTIVO | I66: SECO | K66: 1 | L66: 1 | M66: CN06 | AR66: X | AS66: X | AT66: X | AU66: X | AV66: X | AW66: X | AX66: X | AY66: X | AZ66: X | BA66: X | BB66: X | BC66: X | BD66: X | BE66: X | BF66: X | BG66: X | BH66: X | BI66: X | BJ66: X | BK66: X | BL66: X | BM66: X | BN66: X | BO66: X | BP66: X | BQ66: X | BR66: X | BS66: X | BT66: X | BU66: X | BV66: X | BW66: X | BX66: X | BY66: X | BZ66: X | CA66: X | CB66: X | CC66: X | CD66: X | CE66: X | CF66: X | CG66: X | CH66: X | CI66: X | CJ66: X | CK66: X | CL66: X | CM66: X | CN66: X | CO66: X | CP66: X | CQ66: X | CR66: X | CS66: X | CT66: X | CU66: X | CV66: X | CW66: X | CX66: X | CY66: X | CZ66: X | DA66: X | DB66: X | DC66: X
A67: 233 | B67: PLATANO HARTON 1000 G | C67: BASICO | D67: TODOS | E67: ACTIVO | I67: SECO | J67: 2 | K67: 1 | L67: 1 | M67: CN08 | N67: X | O67: X | P67: X | Q67: X | R67: X | S67: X | T67: X | U67: X | V67: X | W67: X | X67: X | Y67: X | Z67: X | AA67: X | AB67: X | AC67: X | AD67: X | AE67: X | AF67: X | AG67: X | AH67: X | AI67: X | AJ67: X | AK67: X | AL67: X | AM67: X | AN67: X | AO67: X | AP67: X | AQ67: X | AR67: X | AS67: X | AT67: X | AU67: X | AV67: X | AW67: X | AX67: X | AY67: X | AZ67: X | BA67: X | BB67: X | BC67: X | BD67: X | BE67: X | BF67: X | BG67: X | BH67: X | BI67: X | BJ67: X | BK67: X | BL67: X | BM67: X | BN67: X | BO67: X | BP67: X | BQ67: X | BR67: X | BS67: X | BT67: X | BU67: X | BV67: X | BW67: X | BX67: X | BY67: X | BZ67: X | CA67: X | CB67: X | CC67: X | CD67: X | CE67: X | CF67: X | CG67: X | CH67: X | CI67: X | CJ67: X | CK67: X | CL67: X | CM67: X | CN67: X | CO67: X | CP67: X | CQ67: X | CR67: X | CS67: X | CT67: X | CU67: X | CV67: X | CW67: X | CX67: X | CY67: X | CZ67: X | DA67: X | DB67: X | DC67: X
A68: 1601 | B68: PLATANO UND | C68: BASICO | D68: TODOS | E68: ACTIVO | I68: SECO | J68: 1 | K68: 1 | L68: 1 | M68: CN24 | N68: X | O68: X | P68: X | Q68: X | R68: X | S68: X | T68: X | U68: X | V68: X | W68: X | X68: X | Y68: X | Z68: X | AA68: X | AB68: X | AC68: X | AD68: X | AE68: X | AF68: X | AG68: X | AH68: X | AI68: X | AJ68: X | AK68: X | AL68: X | AM68: X | AN68: X | AO68: X | AP68: X | AQ68: X | AR68: X | AS68: X | AT68: X | AU68: X | AV68: X | AW68: X | AX68: X | AY68: X | AZ68: X | BA68: X | BB68: X | BC68: X | BD68: X | BE68: X | BF68: X | BG68: X | BH68: X | BI68: X | BJ68: X | BK68: X | BL68: X | BM68: X | BN68: X | BO68: X | BP68: X | BQ68: X | BR68: X | BS68: X | BT68: X | BU68: X | BV68: X | BW68: X | BX68: X | BY68: X | BZ68: X | CA68: X | CB68: X | CC68: X | CD68: X | CE68: X | CF68: X | CG68: X | CH68: X | CI68: X | CJ68: X | CK68: X | CL68: X | CM68: X | CN68: X | CO68: X | CP68: X | CQ68: X | CR68: X | CS68: X | CT68: X | CU68: X | CV68: X | CW68: X | CX68: X | CY68: X | CZ68: X | DA68: X | DB68: X | DC68: X
A69: 1822 | B69: RAIZ CHINA 150 G | C69: NEVERA F | D69: MEDIO ALTO | E69: ACTIVO | I69: FRIO | BW69: X | BX69: X | BY69: X | BZ69: X | CA69: X | CB69: X | CD69: X | CE69: X | CF69: X | CG69: X | CH69: X | CI69: X | CJ69: X | CN69: X | CO69: X | CP69: X | CQ69: X | CR69: X | CS69: X | CT69: X | CU69: X | CV69: X | CW69: X | CX69: X | CY69: X | DA69: X
A70: 1081 | B70: RABANO 250 G | C70: NEVERA F | D70: MEDIO ALTO | E70: INACTIVO | I70: FRIO | L70: 1 | M70: CN12 | BW70: X | BX70: X | BY70: X | BZ70: X | CA70: X | CB70: X | CC70: X | CD70: X | CE70: X | CF70: X | CG70: X | CH70: X | CI70: X | CK70: X | CL70: X | CN70: X | CP70: X | CQ70: X | CR70: X | CS70: X | CU70: X | CV70: X | CW70: X | CX70: X | CY70: X | CZ70: X | DA70: X | DB70: X | DC70: X
A71: 1073 | B71: RUGULA 200 G | C71: NEVERA F | D71: MEDIO ALTO | E71: ACTIVO | I71: FRIO | L71: 1 | M71: CN08 | BW71: X | BX71: X | BY71: X | BZ71: X | CA71: X | CB71: X | CD71: X | CE71: X | CF71: X | CG71: X | CH71: X | CI71: X | CJ71: X | CN71: X | CO71: X | CP71: X | CQ71: X | CR71: X | CS71: X | CT71: X | CU71: X | CV71: X | CW71: X | CX71: X | CY71: X | DA71: X
A72: 1812 | B72: SANDIA BABY UNIDAD | C72: EXTENDIDO | D72: TODOS | E72: ACTIVO | I72: SECO | K72: 1 | L72: 1 | M72: CN06 | AR72: X | AS72: X | AT72: X | AU72: X | AV72: X | AW72: X | AX72: X | AY72: X | AZ72: X | BA72: X | BB72: X | BC72: X | BD72: X | BE72: X | BF72: X | BG72: X | BH72: X | BI72: X | BJ72: X | BK72: X | BL72: X | BM72: X | BN72: X | BO72: X | BP72: X | BQ72: X | BR72: X | BS72: X | BT72: X | BU72: X | BV72: X | BW72: X | BX72: X | BY72: X | BZ72: X | CA72: X | CB72: X | CC72: X | CD72: X | CE72: X | CF72: X | CG72: X | CH72: X | CI72: X | CJ72: X | CK72: X | CL72: X | CM72: X | CN72: X | CO72: X | CP72: X | CQ72: X | CR72: X | CS72: X | CT72: X | CU72: X | CV72: X | CW72: X | CX72: X | CY72: X | CZ72: X | DA72: X | DB72: X | DC72: X
A73: 1156 | B73: TOMATE DE ARBOL 500 G | C73: EXTENDIDO | D73: TODOS | E73: ACTIVO | I73: SECO | K73: 1 | L73: 1 | M73: CN10 | AR73: X | AS73: X | AT73: X | AU73: X | AV73: X | AW73: X | AX73: X | AY73: X | AZ73: X | BA73: X | BB73: X | BC73: X | BD73: X | BE73: X | BF73: X | BG73: X | BH73: X | BI73: X | BJ73: X | BK73: X | BL73: X | BM73: X | BN73: X | BO73: X | BP73: X | BQ73: X | BR73: X | BS73: X | BT73: X | BU73: X | BV73: X | BW73: X | BX73: X | BY73: X | BZ73: X | CA73: X | CB73: X | CC73: X | CD73: X | CE73: X | CF73: X | CG73: X | CH73: X | CI73: X | CJ73: X | CK73: X | CL73: X | CM73: X | CN73: X | CO73: X | CP73: X | CQ73: X | CR73: X | CS73: X | CT73: X | CU73: X | CV73: X | CW73: X | CX73: X | CY73: X | CZ73: X | DA73: X | DB73: X | DC73: X
A74: 2604 | B74: TOMATE CHERRY 250 G - PURE VALLEY | C74: EXTENDIDO | D74: TODOS | E74: ACTIVO | I74: FRIO | K74: 1 | L74: 1 | M74: CN12 | AR74: X | AS74: X | AT74: X | AU74: X | AV74: X | AW74: X | AX74: X | AY74: X | AZ74: X | BA74: X | BB74: X | BC74: X | BD74: X | BE74: X | BF74: X | BG74: X | BH74: X | BI74: X | BJ74: X | BK74: X | BL74: X | BM74: X | BN74: X | BO74: X | BP74: X | BQ74: X | BR74: X | BS74: X | BT74: X | BU74: X | BV74: X | BW74: X | BX74: X | BY74: X | BZ74: X | CA74: X | CB74: X | CC74: X | CD74: X | CE74: X | CF74: X | CG74: X | CH74: X | CI74: X | CJ74: X | CK74: X | CL74: X | CM74: X | CN74: X | CO74: X | CP74: X | CQ74: X | CR74: X | CS74: X | CT74: X | CU74: X | CV74: X | CW74: X | CX74: X | CY74: X | CZ74: X | DA74: X | DB74: X | DC74: X | DD74: X
A75: 3351 | B75: TOMATE UVALINA | C75: NEVERA F | D75: TODOS | E75: ACTIVO | I75: FRIO | BW75: X | BX75: X | BY75: X | BZ75: X | CA75: X | CB75: X | CC75: X | CD75: X | CE75: X | CF75: X | CG75: X | CH75: X | CI75: X | CJ75: X | CK75: X | CL75: X | CN75: X | CO75: X | CP75: X | CQ75: X | CR75: X | CS75: X | CT75: X | CU75: X | CV75: X | CW75: X | CX75: X | CY75: X | CZ75: X | DA75: X | DB75: X | DC75: X
A76: 2242 | B76: TOMATE CHONTO 1000 G | C76: BASICO | D76: TODOS | E76: INACTIVO | I76: SECO | J76: 1 | K76: 1 | L76: 1 | M76: CN10 | N76: X | O76: X | P76: X | Q76: X | R76: X | S76: X | T76: X | U76: X | V76: X | W76: X | X76: X | Y76: X | Z76: X | AA76: X | AB76: X | AC76: X | AD76: X | AE76: X | AF76: X | AG76: X | AH76: X | AI76: X | AJ76: X | AK76: X | AL76: X | AM76: X | AN76: X | AO76: X | AP76: X | AQ76: X | AR76: X | AS76: X | AT76: X | AU76: X | AV76: X | AW76: X | AX76: X | AY76: X | AZ76: X | BA76: X | BB76: X | BC76: X | BD76: X | BE76: X | BF76: X | BG76: X | BH76: X | BI76: X | BJ76: X | BK76: X | BL76: X | BM76: X | BN76: X | BO76: X | BP76: X | BQ76: X | BR76: X | BS76: X | BT76: X | BU76: X | BV76: X | BW76: X | BX76: X | BY76: X | BZ76: X | CA76: X | CB76: X | CC76: X | CD76: X | CE76: X | CF76: X | CG76: X | CH76: X | CI76: X | CJ76: X | CK76: X | CL76: X | CM76: X | CN76: X | CO76: X | CP76: X | CQ76: X | CR76: X | CS76: X | CT76: X | CU76: X | CV76: X | CW76: X | CX76: X | CY76: X | CZ76: X | DA76: X | DB76: X | DC76: X
A77: 235 | B77: TOMATE CHONTO 500 G | C77: BASICO | D77: TODOS | E77: ACTIVO | I77: SECO | J77: 1 | K77: 1 | L77: 1 | M77: CN10 | N77: X | O77: X | P77: X | Q77: X | R77: X | S77: X | T77: X | U77: X | V77: X | W77: X | X77: X | Y77: X | Z77: X | AA77: X | AB77: X | AC77: X | AD77: X | AE77: X | AF77: X | AG77: X | AH77: X | AI77: X | AJ77: X | AK77: X | AL77: X | AM77: X | AN77: X | AO77: X | AP77: X | AQ77: X | AR77: X | AS77: X | AT77: X | AU77: X | AV77: X | AW77: X | AX77: X | AY77: X | AZ77: X | BA77: X | BB77: X | BC77: X | BD77: X | BE77: X | BF77: X | BG77: X | BH77: X | BI77: X | BJ77: X | BK77: X | BL77: X | BM77: X | BN77: X | BO77: X | BP77: X | BQ77: X | BR77: X | BS77: X | BT77: X | BU77: X | BV77: X | BW77: X | BX77: X | BY77: X | BZ77: X | CA77: X | CB77: X | CC77: X | CD77: X | CE77: X | CF77: X | CG77: X | CH77: X | CI77: X | CJ77: X | CK77: X | CL77: X | CM77: X | CN77: X | CO77: X | CP77: X | CQ77: X | CR77: X | CS77: X | CT77: X | CU77: X | CV77: X | CW77: X | CX77: X | CY77: X | CZ77: X | DA77: X | DB77: X | DC77: X | DD77: X
A78: 1085 | B78: UCHUVA 300 G | C78: EXTENDIDO | D78: TODOS | E78: ACTIVO | I78: FRIO | K78: 1 | L78: 1 | M78: CN12 | AR78: X | AS78: X | AT78: X | AU78: X | AV78: X | AW78: X | AX78: X | AY78: X | AZ78: X | BA78: X | BB78: X | BC78: X | BD78: X | BE78: X | BF78: X | BG78: X | BH78: X | BI78: X | BJ78: X | BK78: X | BL78: X | BM78: X | BN78: X | BO78: X | BP78: X | BQ78: X | BR78: X | BS78: X | BT78: X | BU78: X | BV78: X | BW78: X | BX78: X | BY78: X | BZ78: X | CA78: X | CB78: X | CC78: X | CD78: X | CE78: X | CF78: X | CG78: X | CH78: X | CI78: X | CJ78: X | CK78: X | CL78: X | CM78: X | CN78: X | CO78: X | CP78: X | CQ78: X | CR78: X | CS78: X | CT78: X | CU78: X | CV78: X | CW78: X | CX78: X | CY78: X | CZ78: X | DA78: X | DB78: X | DC78: X | DD78: X
A79: 1813 | B79: UVA ISABELLA 400 G | C79: NEVERA F | D79: TODOS | E79: ACTIVO | I79: FRIO | L79: 1 | M79: CN08 | BW79: X | BX79: X | BY79: X | BZ79: X | CA79: X | CB79: X | CC79: X | CD79: X | CE79: X | CF79: X | CG79: X | CH79: X | CI79: X | CJ79: X | CK79: X | CL79: X | CN79: X | CO79: X | CP79: X | CQ79: X | CR79: X | CS79: X | CT79: X | CU79: X | CV79: X | CW79: X | CX79: X | CY79: X | CZ79: X | DA79: X | DB79: X | DC79: X
A80: 2471 | B80: UVA MIXTA 400 G | C80: NEVERA F | D80: MEDIO ALTO | E80: ACTIVO | I80: FRIO | L80: 1 | M80: CN08 | BW80: X | BX80: X | BY80: X | BZ80: X | CA80: X | CB80: X | CD80: X | CE80: X | CF80: X | CG80: X | CH80: X | CI80: X | CJ80: X | CN80: X | CO80: X | CP80: X | CQ80: X | CR80: X | CS80: X | CT80: X | CU80: X | CV80: X | CW80: X | CX80: X | CY80: X | DA80: X
A81: 1510 | B81: UVA RED GLOBE 400 G | C81: BASICO | D81: TODOS | E81: ACTIVO | I81: FRIO | J81: 1 | K81: 1 | L81: 1 | M81: CN08 | N81: X | O81: X | P81: X | Q81: X | R81: X | S81: X | T81: X | U81: X | V81: X | W81: X | X81: X | Y81: X | Z81: X | AA81: X | AB81: X | AC81: X | AD81: X | AE81: X | AF81: X | AG81: X | AH81: X | AI81: X | AJ81: X | AK81: X | AL81: X | AM81: X | AN81: X | AO81: X | AP81: X | AQ81: X | AR81: X | AS81: X | AT81: X | AU81: X | AV81: X | AW81: X | AX81: X | AY81: X | AZ81: X | BA81: X | BB81: X | BC81: X | BD81: X | BE81: X | BF81: X | BG81: X | BH81: X | BI81: X | BJ81: X | BK81: X | BL81: X | BM81: X | BN81: X | BO81: X | BP81: X | BQ81: X | BR81: X | BS81: X | BT81: X | BU81: X | BV81: X | BW81: X | BX81: X | BY81: X | BZ81: X | CA81: X | CB81: X | CC81: X | CD81: X | CE81: X | CF81: X | CG81: X | CH81: X | CI81: X | CJ81: X | CK81: X | CL81: X | CM81: X | CN81: X | CO81: X | CP81: X | CQ81: X | CR81: X | CS81: X | CT81: X | CU81: X | CV81: X | CW81: X | CX81: X | CY81: X | CZ81: X | DA81: X | DB81: X | DC81: X | DD81: X
A82: 1562 | B82: UVA VERDE SIN SEMILLA 400 G | C82: EXTENDIDO | D82: TODOS | E82: ACTIVO | I82: FRIO | L82: 1 | M82: CN08 | AR82: X | AS82: X | AT82: X | AU82: X | AV82: X | AW82: X | AX82: X | AY82: X | AZ82: X | BA82: X | BB82: X | BC82: X | BD82: X | BE82: X | BF82: X | BG82: X | BH82: X | BI82: X | BJ82: X | BK82: X | BL82: X | BM82: X | BN82: X | BO82: X | BP82: X | BQ82: X | BR82: X | BS82: X | BT82: X | BU82: X | BV82: X | BW82: X | BX82: X | BY82: X | BZ82: X | CA82: X | CB82: X | CC82: X | CD82: X | CE82: X | CF82: X | CG82: X | CH82: X | CI82: X | CJ82: X | CK82: X | CL82: X | CM82: X | CN82: X | CO82: X | CP82: X | CQ82: X | CR82: X | CS82: X | CT82: X | CU82: X | CV82: X | CW82: X | CX82: X | CY82: X | CZ82: X | DA82: X | DB82: X | DC82: X
A83: 238 | B83: ZANAHORIA 600 G | C83: BASICO | D83: TODOS | E83: INACTIVO | I83: FRIO | J83: 1 | K83: 1 | L83: 1 | M83: CN10 | N83: X | O83: X | P83: X | Q83: X | R83: X | S83: X | T83: X | U83: X | V83: X | W83: X | X83: X | Y83: X | Z83: X | AA83: X | AB83: X | AC83: X | AD83: X | AE83: X | AF83: X | AG83: X | AH83: X | AI83: X | AJ83: X | AK83: X | AL83: X | AM83: X | AN83: X | AO83: X | AP83: X | AQ83: X | AR83: X | AS83: X | AT83: X | AU83: X | AV83: X | AW83: X | AX83: X | AY83: X | AZ83: X | BA83: X | BB83: X | BC83: X | BD83: X | BE83: X | BF83: X | BG83: X | BH83: X | BI83: X | BJ83: X | BK83: X | BL83: X | BM83: X | BN83: X | BO83: X | BP83: X | BQ83: X | BR83: X | BS83: X | BT83: X | BU83: X | BV83: X | BW83: X | BX83: X | BY83: X | BZ83: X | CA83: X | CB83: X | CC83: X | CD83: X | CE83: X | CF83: X | CG83: X | CH83: X | CI83: X | CJ83: X | CK83: X | CL83: X | CM83: X | CN83: X | CO83: X | CP83: X | CQ83: X | CR83: X | CS83: X | CT83: X | CU83: X | CV83: X | CW83: X | CX83: X | CY83: X | CZ83: X | DA83: X | DB83: X | DC83: X | DD83: X
A84: 2248 | B84: ZANAHORIA X 1000 G | C84: BASICO | D84: TODOS | E84: ACTIVO | I84: FRIO | J84: 1 | K84: 1 | L84: 1 | M84: CN10 | N84: X | O84: X | P84: X | Q84: X | R84: X | S84: X | T84: X | U84: X | V84: X | W84: X | X84: X | Y84: X | Z84: X | AA84: X | AB84: X | AC84: X | AD84: X | AE84: X | AF84: X | AG84: X | AH84: X | AI84: X | AJ84: X | AK84: X | AL84: X | AM84: X | AN84: X | AO84: X | AP84: X | AQ84: X | AR84: X | AS84: X | AT84: X | AU84: X | AV84: X | AW84: X | AX84: X | AY84: X | AZ84: X | BA84: X | BB84: X | BC84: X | BD84: X | BE84: X | BF84: X | BG84: X | BH84: X | BI84: X | BJ84: X | BK84: X | BL84: X | BM84: X | BN84: X | BO84: X | BP84: X | BQ84: X | BR84: X | BS84: X | BT84: X | BU84: X | BV84: X | BW84: X | BX84: X | BY84: X | BZ84: X | CA84: X | CB84: X | CC84: X | CD84: X | CE84: X | CF84: X | CG84: X | CH84: X | CI84: X | CJ84: X | CK84: X | CL84: X | CM84: X | CN84: X | CO84: X | CP84: X | CQ84: X | CR84: X | CS84: X | CT84: X | CU84: X | CV84: X | CW84: X | CX84: X | CY84: X | CZ84: X | DA84: X | DB84: X | DC84: X
A85: 1818 | B85: ZUCCHINI AMARILLO 500 G | C85: NEVERA F | D85: MEDIO ALTO | E85: INACTIVO | I85: FRIO | L85: 1 | M85: CN06 | BW85: X | BX85: X | BY85: X | BZ85: X | CA85: X | CB85: X | CC85: X | CD85: X | CE85: X | CF85: X | CG85: X | CH85: X | CI85: X | CK85: X | CL85: X | CN85: X | CP85: X | CQ85: X | CR85: X | CS85: X | CU85: X | CV85: X | CW85: X | CX85: X | CY85: X | CZ85: X | DA85: X | DB85: X | DC85: X
A86: 1817 | B86: ZUCCHINI VERDE 500 G | C86: NEVERA F | D86: MEDIO ALTO | E86: INACTIVO | I86: FRIO | L86: 1 | M86: CN06 | BW86: X | BX86: X | BY86: X | BZ86: X | CA86: X | CB86: X | CC86: X | CD86: X | CE86: X | CF86: X | CG86: X | CH86: X | CI86: X | CK86: X | CL86: X | CN86: X | CP86: X | CQ86: X | CR86: X | CS86: X | CU86: X | CV86: X | CW86: X | CX86: X | CY86: X | CZ86: X | DA86: X | DB86: X | DC86: X

Sheet Hoja 10
A1: COD | B1: TIENDA | C1: FECHA APERTURA | F1: Tienda | G1: Nombre tienda | H1: N S E | I1: TIPO DE PORTAFOLIO | L1: CODIGO | M1: TIENDAS
A2: I05 | B2: RIONEGRO ALTOS DE LAURELES | C2: 44981 | F2: S03 | G2: SUBA VILLA GLORIA | H2: 3 | I2: B | L2: S04 | M2: SUBA AURES
A3: I02 | B3: ENVIGADO PARQUE | C3: 45016 | F3: S04 | G3: BOGOTA SUBA AURES 1 | H3: 2 | I3: B | L3: S06 | M3: CEDRO GOLF
A4: I07 | B4: SAN ANTONIO DE PEREIRA | C4: 45002 | F4: S13 | G4: ENGATIVÁ PUEBLO 2 | H4: 3 | I4: B | L4: S07 | M4: LOS CEDROS
A5: I08 | B5: MEDELLIN CALAZANS | C5: 44981 | F5: S15 | G5: FONTIBON PLAZA | H5: 2 | I5: B | L5: S09 | M5: SANTA TERESA
A6: I10 | B6: BARBOSA PARQUE | C6: 44992 | F6: S24 | G6: JUAN REY | H6: 2 | I6: B | L6: S15 | M6: FONTIBON PLAZA
A7: I11 | B7: MEDELLIN NOGAL | C7: 45022 | F7: S25 | G7: LA VICTORIA | H7: 2 | I7: B | L7: S16 | M7: NORMANDIA OCCIDENTAL 2
A8: I12 | B8: BELLO GORETTI | C8: 45043 | F8: S31 | G8: CHIPAQUE CENTRO | H8: 2 | I8: B | L8: S17 | M8: FACA SANTANDER
A9: I14 | B9: MEDELLIN FLORIDA NUEVA | C9: 45043 | F9: S32 | G9: SOACHA DESPENSA | H9: 3 | I9: B | L9: S18 | M9: FUNZA ZUAME
A10: I18 | B10: MED SAN ANTONIO PRADO CASA DE LA CULTURA | C10: 45000 | F10: S34 | G10: FUSAGASUGA | H10: 3 | I10: B | L10: S20 | M10: QUESADA
A11: I21 | B11: ITAGUI TABLAZO | C11: 45077 | F11: S57 | G11: BOSA LAURELES | H11: 2 | I11: B | L11: S27 | M11: PARQUE LUIS CARLOS GALAN
A12: I27 | B12: MEDELLÍN BUENOS AIRES | C12: 44985 | F12: S60 | G12: LUCERO BAJO | H12: 2 | I12: B | L12: S29 | M12: SAN CRISTOBAL SUR
A13: I29 | B13: MEDELLIN PILARICA CALLE 75 | C13: 45017 | F13: S70 | G13: SILVANIA | H13: 2 | I13: B | L13: S30 | M13: SANTA RITA
... A28: Q52 | B28: BARRANQUILLA EL SILENCIO | C28: 45040 | F28: SC8 | G28: MARCO FIDEL | H28: 3 | I28: B | L28: S94 | M28: MINUTO DE DIOS
A29: Q64 | B29: ATLANTICO SOLEDAD 2000 CARRERA 14 | C29: 45054 | F29: SD3 | G29: TINTALITO | I29: B | L29: S96 | M29: MODELIA
A30: Q66 | B30: BARRANQUILLA SAN REMO | C30: 45045 | F30: SD5 | G30: VILLA SONIA | I30: B | L30: S98 | M30: VILLA GLADYS
A31: Q67 | B31: BARRANQUILLA SAN NICOLAS CARRERA 4 | C31: 44926 | F31: SD9 | G31: SUBA LA GAITANA | I31: B | L31: SA0 | M31: SAN FRANCISCO
A32: Q68 | B32: GALAPA CLLE 10 | C32: 45030 | F32: SE1 | G32: RESTREPO OCCIDENTAL | I32: B | L32: SA2 | M32: SUBA FONTANAR
A33: Q69 | B33: BARRANQUILLA OLAYA CALLE 71 | C33: 45030 | F33: SD0 | G33: VILLA ESPERANZA | H33: 2 | I33: B + E | L33: SA5 | M33: EL TREBOL
A34: Q71 | B34: BARRANQUILLA LAS DELICIAS | C34: 45021 | F34: SD4 | G34: ISIMO LIBERTADORES | H34: 2 | I34: B + E | L34: SA6 | M34: FUNZA VARIANTE CELTA
A35: Q01 | B35: ATLAN PUERTO COLOMBIA VILLA CAMPESTRE | C35: 44923 | F35: S08 | G35: SAN ANTONIO | H35: 3 | I35: B + E | L35: SA7 | M35: TIBABUYES
A36: Q04 | B36: CARTAGENA LAS RAMBLAS | C36: 45020 | F36: S17 | G36: FACA SANTANDER | H36: 3 | I36: B + E | L36: SA8 | M36: PRADO 138
A37: Q07 | B37: BARRANQUILLA CALLE 84 | C37: 44970 | F37: S18 | G37: FUNZA ZUAME | H37: 3 | I37: B + E | L37: SA9 | M37: INDEPENDENCIA
A38: Q08 | B38: CARTAGENA EL CABRERO | C38: 44960 | F38: S26 | G38: OLARTE VILLA DEL RIO | H38: 2 | I38: B + E | L38: SB0 | M38: TOSCANA
A39: Q13 | B39: CARTAGENA MATUNA | C39: 45059 | F39: S27 | G39: PARQUE LUIS CARLOS GALAN | H39: 3 | I39: B + E | L39: SB1 | M39: ANILLO VIAL
A40: Q19 | B40: BARRANQUILLA EL PORVENIR CALLE 82 | C40: 44918 | F40: S59 | G40: RESTREPO | H40: 3 | I40: B + E | L40: SB3 | M40: LA ESTACION
A41: Q23 | B41: BARRANQUILLA CONCEPCION | C41: 45014 | F41: S78 | G41: CIUDAD JARDIN | H41: 3 | I41: B + E | L41: SB4 | M41: SANTAFE
A42: Q34 | B42: SANTA MARTA BONDA | C42: 45015 | F42: S79 | G42: USME PUEBLO | H42: 2 | I42: B + E | L42: SB5 | M42: BOSA LA LIBERTAD
A43: Q35 | B43: CARTAGENA CRESPO | C43: 44985 | F43: S80 | G43: ZIPAQUIRA LA PAZ | H43: 3 | I43: B + E | L43: SB6 | M43: CALATRAVA
A44: Q37 | B44: BARRANQUILLA CARRERA 21 | C44: 45021 | F44: S86 | G44: CHUCUA | H44: 3 | I44: B + E | L44: SB8 | M44: ISIMO MONTANA
... A64: S94 | B64: MINUTO DE DIOS | C64: 45077 | F64: S09 | G64: SANTA TERESA | H64: 4 | I64: B + E +N | L64: SE8 | M64: FUSA BALMORA
A65: S15 | B65: FONTIBON PLAZA | C65: 44999 | F65: S16 | G65: NORMANDIA OCCIDENTAL 2 | H65: 4 | I65: B + E +N
A66: S59 | B66: RESTREPO | C66: 45091 | F66: S19 | G66: POLO CLUB | H66: 4 | I66: B + E +N
A67: S96 | B67: MODELIA | C67: 45163 | F67: S20 | G67: QUESADA | H67: 3 | I67: B + E +N
A68: S53 | B68: QUINTA PAREDES EMBAJADA | C68: 45083 | F68: S29 | G68: SAN CRISTOBAL SUR | H68: 2 | I68: B + E +N
A69: SB9 | B69: EL CAMPIN | C69: 45762 | F69: S30 | G69: SANTA RITA | H69: 2 | I69: B + E +N
A70: S16 | B70: NORMANDIA OCCIDENTAL 2 | C70: 44985 | F70: S53 | G70: QUINTA PAREDES EMBAJADA | H70: 4 | I70: B + E +N
A71: SC7 | B71: ISIMO LUJAN | C71: 45838 | F71: S55 | G71: QUIRIGUA | H71: 3 | I71: B + E +N
A72: S73 | B72: NUEVO MUZU | C72: 45128 | F72: S56 | G72: 22 SUR | H72: 3 | I72: B + E +N
A73: S74 | B73: CARMEN | C73: 45010 | F73: S63 | G73: SUBA HOSPITAL | H73: 3 | I73: B + E +N
A74: S97 | B74: SAN VICENTE FERRER | C74: 45367 | F74: S69 | G74: MAZUREN | H74: 5 | I74: B + E +N
A75: S17 | B75: FACA SANTANDER | C75: 44999 | F75: S71 | G75: UNIR TIERRA NEGRA | H75: 3 | I75: B + E +N
A76: S65 | B76: TABIO | C76: 45073 | F76: S73 | G76: NUEVO MUZÚ | H76: 2 | I76: B + E +N
... A82: B02 | B82: BARRANCA PALMIRA | C82: 45030 | F82: SB6 | G82: ISIMO CHIA CALATRAVA | H82: 3 | I82: B + E +N
A83: B05 | B83: BARRANCABERMEJA CALLE 50 | C83: CERRADA | F83: SB9 | G83: ISIMO EL CAMPIN | H83: 4 | I83: B + E +N
A84: B06 | B84: CIMITARRA | C84: 45051 | F84: SC3 | G84: UNICENTRO DE OCCIDENTE | H84: 4 | I84: B + E +N
A85: B08 | B85: SAN FRANCISCO MUTUALIDAD | C85: 44953 | F85: SC4 | G85: BRAVO PAEZ | H85: 3 | I85: B + E +N
A86: B09 | B86: DANGOND | C86: 44951 | F86: SC7 | G86: LUJAN | H86: 3 | I86: B + E +N
A87: B10 | B87: BARRANCA LA FLORESTA | C87: CERRADA | F87: SC6 | G87: MANDALAY | H87: 4 | I87: B + E +N
A88: B11 | B88: BARRANCA LOS PINOS | C88: 45007 | F88: SD1 | G88: CARIMAGUA | H88: 4 | I88: B + E +N
A89: B12 | B89: CAMPO HERMOSO | C89: 44953 | F89: SD2 | G89: SUBA FLORES | H89: 4 | I89: B + E +N
A90: B13 | B90: EL POBLADO | C90: CERRADA | F90: SD6 | G90: MILENIUM | H90: 4 | I90: B + E +N
A91: B14 | B91: POMARROSO LA CUMBRE | C91: 44951 | F91: SD7 | G91: CIUDAD ORIENTAL | H91: 4 | I91: B + E +N
A92: B15 | B92: OCANA PRIMAVERA | C92: CERRADA | F92: SD8 | G92: COSTA AZUL | H92: 4 | I92: B + E +N
A93: B16 | B93: PORTAL DE PROVENZA | C93: 44981 | F93: SC9 | G93: BOSA NARANJO | H93: 2 | I93: excepción
A94: B17 | B94: AGUACHICA CALLE QUINTA | C94: CERRADA
A95: T27 | B95: EL CABRERO LA DORADA | C95: 44985
A96: T31 | B96: TUNAL | C96: 44980
A97: T42 | B97: PALOCABILDO | C97: 45008
A98: T44 | B98: LA DORADA VILLA ESPERANZA | C98: 44985
A99: S01 | B99: GIRARDOT PANCHES | C99: 45014
A100: T09 | B100: CAJAMARCA | C100: 45009
A101: T21 | B101: CARMEN DE APICALA | C101: 44980
A102: T37 | B102: INTERLAKEN | C102: 44981
A103: N16 | B103: RIVERA | C103: 45031
A104: N33 | B104: TESORO | C104: 45073
A105: N31 | B105: PAICOL | C105: 45036
A106: T11 | B106: LIBANO | C106: 45009
... A179: SC1 | B179: ISIMO DINDALITO | C179: 45807
A180: B18 | B180: GALICIA | C180: CERRADA
A181: B19 | B181: SAN MARTIN | C181: CERRADA
A182: B20 | B182: PLAZA KENNEDY | C182: 44951
A183: B21 | B183: RUITOQUE MIRADOR | C183: CERRADA
A184: B22 | B184: SAN LORENZO | C184: CERRADA
A185: B23 | B185: OCANA MERCADO | C185: CERRADA
A186: B24 | B186: LA AURORA | C186: 45060
A187: B25 | B187: REAL DE MINAS | C187: 45016
A188: N18 | B188: TELLO | C188: 45030
A189: S02 | B189: RICAURTE CUNDINAMARCA | C189: 44982
A190: T13 | B190: FLANDES | C190: 44982
A191: T36 | B191: EL ESPINAL 4 Y GONGORA | C191: 44983
A192: T48 | B192: IBAGUE BELEN | C192: 45016
A193: N37 | B193: QUIRINAL | C193: 45071
A194: T07 | B194: SALADO 1 | C194: 44980
A195: T16 | B195: ORTEGA | C195: 45017
A196: T45 | B196: ATACO | C196: 45065
A197: T51 | B197: ISIMO JARDIN | C197: 45878
... A234: S30 | B234: SANTA RITA | C234: 45024
A235: B26 | B235: SAN ALBERTO | C235: CERRADA
A236: B27 | B236: LA CASONA | C236: CERRADA
A237: B28 | B237: CALLEJUELAS | C237: 44995
A238: N34 | B238: ALTAMIRA HUILA | C238: 45051
A239: N39 | B239: PALERMO | C239: 45073
A240: N22 | B240: ISNOS | C240: 45068
A241: N27 | B241: TARQUI | C241: 45055
A242: N29 | B242: SALADOBLANCO | C242: 45043
A243: N35 | B243: BELEN DE LOS ANDAQUIES | C243: 45075
A244: T05 | B244: MELGAR | C244: 44980
A245: T39 | B245: GUAMO 2 | C245: 44999
A246: T50 | B246: ISIMO LEONES | C246: 45527
...

Sheet Segmentación SUR - TOLIMA
L1: Tienda | M1: S01 | N1: T05 | O1: T06 | P1: T07 | Q1: T09 | R1: T11 | S1: T13 | T1: T16 | U1: T17 | V1: T19 | W1: T21 | X1: T23 | Y1: T27 | Z1: T29 | AA1: T30 | AB1: T31 | AC1: T33 | AD1: T34 | AE1: T36 | AF1: T37 | AG1: T39 | AH1: T40 | AI1: T41 | AJ1: T42 | AK1: T43 | AL1: T44 | AM1: T45 | AN1: T46 | AO1: T47 | AP1: T49 | AQ1: S02 | AR1: T14 | AS1: T20 | AT1: T25 | AU1: T50 | AV1: T02 | AW1: T15 | AX1: T48
L2: Nombre tienda | M2: GIRARDOT PANCHES | N2: MELGAR | O2: HONDA OBRERO | P2: SALADO 1 | Q2: CAJAMARCA | R2: LIBANO 1 | S2: FLANDES TOLIMA | T2: ORTEGA | U2: CHAPARRAL | V2: MARIQUITA 1 | W2: CARMEN DE APICALA | X2: CHAPARRAL 2 | Y2: EL CABRERO LA DORADA | Z2: ALVARADO | AA2: PLANADAS | AB2: TUNAL | AC2: IBAGUE LAS FERIAS | AD2: SANTA ISABEL | AE2: EL ESPINAL 4 Y GONGORA | AF2: INTERLAKEN | AG2: GUAMO 2 | AH2: VILLAHERMOSA | AI2: PRADO | AJ2: PALOCABILDO | AK2: FALAN | AL2: LA DORADA VILLA ESPERANZA | AM2: ATACO | AN2: PAYANDE | AO2: VILLA MARLEN | AP2: LA FRANCIA | AQ2: RICAURTE CUNDINAMARCA | AR2: PURIFICACION | AS2: MARIQUITA 2 | AT2: GAITAN IBAGUE | AU2: LEONES | AV2: IBAGUE LA POLA | AW2: IBAGUE LIMONAR | AX2: BELEN
L3: N S E | M3: 3 | N3: 2 | O3: 2 | P3: 2 | Q3: 2 | R3: 3 | S3: 2 | T3: 2 | U3: 2 | V3: 2 | W3: 2 | X3: 2 | Y3: 3 | Z3: 2 | AA3: 2 | AB3: 2 | AC3: 3 | AD3: 2 | AE3: 3 | AF3: 3 | AG3: 2 | AH3: 3 | AI3: 1 | AJ3: 2 | AK3: 3 | AL3: 2 | AM3: 2 | AN3: 2 | AO3: 3 | AP3: 3 | AQ3: 3 | AR3: 3 | AS3: 3 | AT3: 3 | AU3: 3 | AV3: 3 | AW3: 3 | AX3: 4
L4: NEVERA AUTOCONTENIDA | M4: NO | N4: NO | O4: NO | P4: NO | Q4: NO | R4: NO | S4: NO | T4: NO | U4: NO | V4: NO | W4: NO | X4: NO | Y4: NO | Z4: NO | AA4: NO | AB4: NO | AC4: NO | AD4: NO | AE4: NO | AF4: NO | AG4: NO | AH4: NO | AI4: NO | AJ4: NO | AK4: NO | AL4: NO | AM4: NO | AN4: NO | AO4: NO | AP4: NO | AQ4: NO | AR4: NO | AS4: NO | AT4: NO | AU4: NO | AV4: NO | AW4: NO | AX4: NO
L5: CANTIDAD MUEBLES FRUVER | M5: 2 | N5: 2 | O5: 2 | P5: 2 | Q5: 2 | R5: 2 | S5: 2 | T5: 2 | U5: 2 | V5: 2 | W5: 2 | X5: 1 | Y5: 1 | Z5: 2 | AA5: 2 | AB5: 1 | AC5: 2 | AD5: 2 | AE5: 2 | AF5: 1 | AG5: 2 | AH5: 1 | AI5: 1 | AJ5: 1 | AK5: 1 | AL5: 1 | AM5: 2 | AN5: 2 | AO5: 2 | AP5: 2 | AQ5: 2 | AR5: 2 | AS5: 2 | AT5: 2 | AU5: 2 | AV5: 2 | AW5: 2 | AX5: 2
L6: VTA PROM FRUVER | M6: 90296.333 | N6: 124927 | O6: 51647.667 | P6: 70541.333 | Q6: 103269.33 | R6: 39699.667 | S6: 106926 | T6: 63695 | U6: 44091.667 | V6: 92505 | W6: 88250.667 | X6: 80932.333 | Y6: 121646.67 | Z6: 113607.33 | AA6: 77033.667 | AB6: 106846.33 | AC6: 83808.333 | AD6: 92037 | AE6: 79659 | AF6: 79749 | AG6: 54773 | AH6: 51463.667 | AI6: 82851.667 | AJ6: 100680.67 | AK6: 67552 | AL6: 110469 | AM6: 110919.67 | AN6: 102363 | AO6: 167146 | AP6: 106468.67 | AQ6: 228063.67 | AR6: 43229 | AS6: 90127 | AT6: 125367.67 | AU6: 85998 | AV6: 308781 | AW6: 255657.33 | AX6: 270272.67
L7: % PARTICIP | M7: 0.017 | N7: 0.013 | O7: 0.011 | P7: 0.009 | Q7: 0.012 | R7: 0.008 | S7: 0.011 | T7: 0.008 | U7: 0.01 | V7: 0.018 | W7: 0.014 | X7: 0.012 | Y7: 0.022 | Z7: 0.013 | AA7: 0.011 | AB7: 0.015 | AC7: 0.008 | AD7: 0.016 | AE7: 0.012 | AF7: 0.013 | AG7: 0.01 | AH7: 0.006 | AI7: 0.01 | AJ7: 0.009 | AK7: 0.012 | AL7: 0.022 | AM7: 0.013 | AN7: 0.014 | AO7: 0.023 | AP7: 0.018 | AQ7: 0.02 | AR7: 0.019 | AS7: 0.018 | AT7: 0.024 | AU7: 0.021 | AV7: 0.036 | AW7: 0.047 | AX7: 0.029
L8: TIPO DE PORTAFOLIO | M8: B | N8: B | O8: B | P8: B | Q8: B | R8: B | S8: B | T8: B | U8: B | V8: B | W8: B | X8: B | Y8: B | Z8: B | AA8: B | AB8: B | AC8: B | AD8: B | AE8: B | AF8: B | AG8: B | AH8: B | AI8: B | AJ8: B | AK8: B | AL8: B | AM8: B | AN8: B | AO8: B | AP8: B | AQ8: B + E | AR8: B + E | AS8: B + E | AT8: B + E | AU8: B + E | AV8: B + E +N | AW8: B + E +N | AX8: B + E +N
A9: ITEM | B9: DESCRIPCION | C9: CLUSTERIZACIÓN | D9: ESTADO | E9: Merma 01 A 30 JUNIO $ | F9: % merma JUNIO | G9: venta JUNIO $ | H9: EXHIBICION | I9: CARAS BSC | J9: CARAS BSC+EXT | K9: CARAS BSC+EXT+NEV | L9: U.M. | M9: 18 | N9: 18 | O9: 18 | P9: 18 | Q9: 18 | R9: 18 | S9: 18 | T9: 18 | U9: 18 | V9: 18 | W9: 18 | X9: 18 | Y9: 18 | Z9: 18 | AA9: 18 | AB9: 18 | AC9: 18 | AD9: 18 | AE9: 18 | AF9: 18 | AG9: 18 | AH9: 18 | AI9: 18 | AJ9: 18 | AK9: 18 | AL9: 18 | AM9: 18 | AN9: 18 | AO9: 18 | AP9: 18 | AQ9: 31 | AR9: 31 | AS9: 31 | AT9: 31 | AU9: 31 | AV9: 42 | AW9: 42 | AX9: 42
A10: 1561 | B10: AGUACATE HASS UND | C10: BASICO | D10: ACTIVO | E10: 1074733.3 | F10: 0.21267866 | G10: 5053320 | H10: SECO | I10: 1 | J10: 1 | K10: 1 | L10: CN36 | M10: X | N10: X | O10: X | P10: X | Q10: X | R10: X | S10: X | T10: X | U10: X | V10: X | W10: X | X10: X | Y10: X | Z10: X | AA10: X | AB10: X | AC10: X | AD10: X | AE10: X | AF10: X | AG10: X | AH10: X | AI10: X | AJ10: X | AK10: X | AL10: X | AM10: X | AN10: X | AO10: X | AP10: X | AQ10: X | AR10: X | AS10: X | AT10: X | AU10: X | AV10: X | AW10: X | AX10: X
A11: 1074 | B11: AGUACATE VARIEDAD 400 G | C11: EXTENDIDO | D11: ACTIVO | E11: 264052.52 | F11: 0.16702354 | G11: 1580930 | H11: SECO | J11: 1 | K11: 1 | L11: CN10 | AQ11: X | AR11: X | AS11: X | AT11: X | AU11: X
A12: 1819 | B12: AHUYAMA ZAKATA 600 G | C12: EXTENDIDO | D12: ACTIVO | E12: 33929.72 | F12: 0.10273639 | G12: 330260 | H12: SECO | K12: 1 | L12: CN10 | AQ12: X | AR12: X | AS12: X | AT12: X | AU12: X
A13: 155 | B13: AJO 3 UND | C13: BASICO | D13: ACTIVO | E13: 161213.59 | F13: 0.026931233 | G13: 5986120 | H13: SECO | I13: 1 | J13: 1 | K13: 1 | L13: CN50 | M13: X | N13: X | O13: X | P13: X | Q13: X | R13: X | S13: X | T13: X | U13: X | V13: X | W13: X | X13: X | Y13: X | Z13: X | AA13: X | AB13: X | AC13: X | AD13: X | AE13: X | AF13: X | AG13: X | AH13: X | AI13: X | AJ13: X | AK13: X | AL13: X | AM13: X | AN13: X | AO13: X | AP13: X | AQ13: X | AR13: X | AS13: X | AT13: X | AU13: X | AV13: X | AW13: X | AX13: X
A14: 1793 | B14: APIO 300 G | C14: NEVERA F | D14: ACTIVO | E14: 50563.66 | F14: 0.17455608 | G14: 289670 | H14: FRIO | K14: 1 | L14: CN08 | AV14: X | AW14: X | AX14: X
A15: 157 | B15: ARANDANOS FRESCOS 125 G | C15: BASICO | D15: ACTIVO | E15: 490300.95 | F15: 0.054286493 | G15: 9031730 | H15: FRIO | I15: 1 | J15: 1 | K15: 1 | L15: CN12 | M15: X | N15: X | O15: X | P15: X | Q15: X | R15: X | S15: X | T15: X | U15: X | V15: X | W15: X | X15: X | Y15: X | Z15: X | AA15: X | AB15: X | AC15: X | AD15: X | AE15: X | AF15: X | AG15: X | AH15: X | AI15: X | AJ15: X | AK15: X | AL15: X | AM15: X | AN15: X | AO15: X | AP15: X | AQ15: X | AR15: X | AS15: X | AT15: X | AU15: X | AV15: X | AW15: X | AX15: X
A16: 1210 | B16: BANANO UNIDAD | C16: BASICO | D16: ACTIVO | E16: 2624081.2 | F16: 0.4169974 | G16: 6292800 | H16: SECO | I16: 1 | J16: 1 | K16: 1 | L16: C100 | M16: X | N16: X | O16: X | P16: X | Q16: X | R16: X | S16: X | T16: X | U16: X | V16: X | W16: X | X16: X | Y16: X | Z16: X | AA16: X | AB16: X | AC16: X | AD16: X | AE16: X | AF16: X | AG16: X | AH16: X | AI16: X | AJ16: X | AK16: X | AL16: X | AM16: X | AN16: X | AO16: X | AP16: X | AQ16: X | AR16: X | AS16: X | AT16: X | AU16: X | AV16: X | AW16: X | AX16: X
A17: 1795 | B17: BROCOLI 250 G | C17: NEVERA F | D17: ACTIVO | E17: 0 | F17: 0 | G17: 414960 | H17: FRIO | K17: 1 | L17: CN06 | AV17: X | AW17: X | AX17: X
A18: 2472 | B18: CEBOLLA BLANCA SEMIPELADA CABEZONA 1000 G | C18: BASICO | D18: INACTIVO | E18: #N/A | F18: #N/A | G18: #N/A | H18: SECO | I18: 1 | J18: 1 | K18: 1 | L18: CN10
A19: 175 | B19: CEBOLLA BLANCA CABEZONA 500 G | C19: BASICO | D19: ACTIVO | E19: 116093.7 | F19: 0.03319144 | G19: 3497700 | H19: SECO | I19: 1 | J19: 1 | K19: 1 | L19: CN12 | M19: X | N19: X | O19: X | P19: X | Q19: X | R19: X | S19: X | T19: X | U19: X | V19: X | W19: X | X19: X | Y19: X | Z19: X | AA19: X | AB19: X | AC19: X | AD19: X | AE19: X | AF19: X | AG19: X | AH19: X | AI19: X | AJ19: X | AK19: X | AL19: X | AM19: X | AN19: X | AO19: X | AP19: X | AQ19: X | AR19: X | AS19: X | AT19: X | AU19: X | AV19: X | AW19: X | AX19: X
A20: 2052 | B20: CEBOLLA LARGA 500G | C20: EXTENDIDO | D20: ACTIVO | E20: 82832.3 | F20: 0.10739867 | G20: 771260 | H20: FRIO | J20: 1 | K20: 1 | L20: CN10 | AQ20: X | AR20: X | AS20: X | AT20: X | AU20: X
A21: 754 | B21: CEBOLLA ROJA 500 G | C21: EXTENDIDO | D21: INACTIVO | E21: #N/A | F21: #N/A | G21: #N/A | H21: SECO | J21: 1 | K21: 1 | L21: CN12
A22: 1796 | B22: CILANTRO 120 G | C22: NEVERA F | D22: INACTIVO | E22: 10666.66 | F22: #DIV/0! | G22: 0 | H22: FRIO | K22: 1 | L22: CN10
A23: 2606 | B23: CIRUELA IMPORTADA 500 G | C23: NEVERA F | D23: INACTIVO | E23: #N/A | F23: #N/A | G23: #N/A | H23: FRIO | K23: 1 | L23: CN12
A24: 1797 | B24: CIRUELA NACIONAL 400 G | C24: NEVERA F | D24: ACTIVO | E24: 2600 | F24: 0.011725444 | G24: 221740 | H24: FRIO | K24: 1 | L24: CN06 | AV24: X | AW24: X | AX24: X
A25: 1071 | B25: COGOLLO 3 UNIDADES 300 G | C25: NEVERA F | D25: ACTIVO | E25: 192962.37 | F25: 0.30390646 | G25: 634940 | H25: FRIO | K25: 1 | L25: CN10 | AV25: X | AW25: X | AX25: X
A26: 1072 | B26: ESPINACA 150 G | C26: NEVERA F | D26: ACTIVO | E26: 23800 | F26: 0.035295339 | G26: 674310 | H26: FRIO | K26: 1 | L26: CN10 | AV26: X | AW26: X | AX26: X
A27: 1084 | B27: FRESA 250 G | C27: NEVERA F | D27: INACTIVO | E27: 4500 | F27: #DIV/0! | G27: 0 | H27: FRIO | J27: 1 | K27: 1 | L27: CN12
A28: 1800 | B28: GRANADILLA 450 G | C28: EXTENDIDO | D28: INACTIVO | E28: #N/A | F28: #N/A | G28: #N/A | H28: SECO | J28: 1 | K28: 1 | L28: CN08
A29: 1801 | B29: GUAYABA PERA 500 G | C29: EXTENDIDO | D29: INACTIVO | E29: #N/A | F29: #N/A | G29: #N/A | H29: SECO | J29: 1 | K29: 1 | L29: CN08
A30: 1820 | B30: GULUPA 500 G | C30: EXTENDIDO | D30: INACTIVO | E30: #N/A | F30: #N/A | G30: #N/A | H30: SECO | J30: 1 | K30: 1 | L30: CN10
A31: 2608 | B31: KIWI 300 G | C31: NEVERA F | D31: INACTIVO | E31: #N/A | F31: #N/A | G31: #N/A | H31: FRIO | K31: 1 | L31: CN12
A32: 1803 | B32: KIWI 200 G | C32: EXTENDIDO | D32: ACTIVO | E32: 100323.74 | F32: 0.077751054 | G32: 1290320 | H32: SECO | J32: 1 | K32: 1 | L32: CN08 | AQ32: X | AR32: X | AS32: X | AT32: X | AU32: X
A33: 1079 | B33: LECHUGA CRESPA VERDE UNIDAD | C33: NEVERA F | D33: ACTIVO | E33: 421282.2 | F33: 0.42111796 | G33: 1000390 | H33: FRIO | J33: 1 | K33: 1 | L33: CN12 | AV33: X | AW33: X | AX33: X
A34: 965 | B34: LIMON TAHITI 500 G | C34: BASICO | D34: ACTIVO | E34: 468136.21 | F34: 0.32631828 | G34: 1434600 | H34: SECO | I34: 1 | J34: 1 | K34: 1 | L34: CN12 | M34: X | N34: X | O34: X | P34: X | Q34: X | R34: X | S34: X | T34: X | U34: X | V34: X | W34: X | X34: X | Y34: X | Z34: X | AA34: X | AB34: X | AC34: X | AD34: X | AE34: X | AF34: X | AG34: X | AH34: X | AI34: X | AJ34: X | AK34: X | AL34: X | AM34: X | AN34: X | AO34: X | AP34: X | AQ34: X | AR34: X | AS34: X | AT34: X | AU34: X | AV34: X | AW34: X | AX34: X
A35: 2247 | B35: LIMON X 1000 G | C35: BASICO | D35: INACTIVO | E35: #N/A | F35: #N/A | G35: #N/A | H35: SECO | I35: 1 | J35: 1 | K35: 1 | L35: CN10
A36: 1804 | B36: LULO 600 G | C36: NEVERA F | D36: ACTIVO | E36: 93190.65 | F36: 0.30671971 | G36: 303830 | H36: FRIO | K36: 1 | L36: CN08 | AV36: X | AW36: X | AX36: X
A37: 1805 | B37: MANDARINA 500 G | C37: EXTENDIDO | D37: INACTIVO | E37: 2898 | F37: #DIV/0! | G37: 0 | H37: SECO | J37: 1 | K37: 1 | L37: CN08
A38: 2600 | B38: MANDARINA IMPORTADA *500GR | C38: NEVERA F | D38: INACTIVO | E38: #N/A | F38: #N/A | G38: #N/A | H38: FRIO | K38: 1 | L38: CN12
A39: 1807 | B39: MANGO VARIEDAD UNIDAD | C39: EXTENDIDO | D39: ACTIVO | E39: 342900.27 | F39: 0.37751458 | G39: 908310 | H39: SECO | J39: 1 | K39: 1 | L39: CN10 | AQ39: X | AR39: X | AS39: X | AT39: X | AU39: X
A40: 1671 | B40: MANZANA ROYAL GALA UND | C40: BASICO | D40: ACTIVO | E40: 1436150.3 | F40: 0.17945149 | G40: 8003000 | H40: SECO | I40: 1 | J40: 1 | K40: 1 | L40: CN25 | M40: X | N40: X | O40: X | P40: X | Q40: X | R40: X | S40: X | T40: X | U40: X | V40: X | W40: X | X40: X | Y40: X | Z40: X | AA40: X | AB40: X | AC40: X | AD40: X | AE40: X | AF40: X | AG40: X | AH40: X | AI40: X | AJ40: X | AK40: X | AL40: X | AM40: X | AN40: X | AO40: X | AP40: X | AQ40: X | AR40: X | AS40: X | AT40: X | AU40: X | AV40: X | AW40: X | AX40: X
A41: 2243 | B41: MANZANA ROYAL BOLSA 500 G | C41: BASICO | D41: ACTIVO | E41: 759895.04 | F41: 0.044951888 | G41: 16904630 | H41: SECO | I41: 1 | J41: 1 | K41: 1 | L41: CN12 | M41: X | N41: X | O41: X | P41: X | Q41: X | R41: X | S41: X | T41: X | U41: X | V41: X | W41: X | X41: X | Y41: X | Z41: X | AA41: X | AB41: X | AC41: X | AD41: X | AE41: X | AF41: X | AG41: X | AH41: X | AI41: X | AJ41: X | AK41: X | AL41: X | AM41: X | AN41: X | AO41: X | AP41: X | AQ41: X | AR41: X | AS41: X | AT41: X | AU41: X | AV41: X | AW41: X | AX41: X
A42: 2244 | B42: MANZANA VERDE BOLSA 500 G | C42: BASICO | D42: ACTIVO | E42: 643517.02 | F42: 0.083929412 | G42: 7667360 | H42: SECO | I42: 1 | J42: 1 | K42: 1 | L42: CN12 | M42: X | N42: X | O42: X | P42: X | Q42: X | R42: X | S42: X | T42: X | U42: X | V42: X | W42: X | X42: X | Y42: X | Z42: X | AA42: X | AB42: X | AC42: X | AD42: X | AE42: X | AF42: X | AG42: X | AH42: X | AI42: X | AJ42: X | AK42: X | AL42: X | AM42: X | AN42: X | AO42: X | AP42: X | AQ42: X | AR42: X | AS42: X | AT42: X | AU42: X | AV42: X | AW42: X | AX42: X
A43: 1673 | B43: MANZANA VERDE UND | C43: BASICO | D43: ACTIVO | E43: 737029.84 | F43: 0.11693262 | G43: 6303030 | H43: SECO | I43: 1 | J43: 1 | K43: 1 | L43: CN25 | M43: X | N43: X | O43: X | P43: X | Q43: X | R43: X | S43: X | T43: X | U43: X | V43: X | W43: X | X43: X | Y43: X | Z43: X | AA43: X | AB43: X | AC43: X | AD43: X | AE43: X | AF43: X | AG43: X | AH43: X | AI43: X | AJ43: X | AK43: X | AL43: X | AM43: X | AN43: X | AO43: X | AP43: X | AQ43: X | AR43: X | AS43: X | AT43: X | AU43: X | AV43: X | AW43: X | AX43: X
A44: 1075 | B44: MARACUYA 750 G | C44: EXTENDIDO | D44: INACTIVO | E44: #N/A | F44: #N/A | G44: #N/A | H44: SECO | J44: 1 | K44: 1 | L44: CN10
A45: 1816 | B45: MAZORCA 600 G | C45: NEVERA F | D45: INACTIVO | E45: 80704.97 | F45: 0.18418223 | G45: 438180 | H45: FRIO | K45: 1 | L45: CN08
A46: 2050 | B46: MIX FRUTAS IMPORTADAS | C46: BASICO | D46: ACTIVO | E46: 317730.18 | F46: 0.057715501 | G46: 5505110 | H46: FRIO | I46: 1 | J46: 1 | K46: 1 | L46: CN06 | M46: X | N46: X | O46: X | P46: X | Q46: X | R46: X | S46: X | T46: X | U46: X | V46: X | W46: X | X46: X | Y46: X | Z46: X | AA46: X | AB46: X | AC46: X | AD46: X | AE46: X | AF46: X | AG46: X | AH46: X | AI46: X | AJ46: X | AK46: X | AL46: X | AM46: X | AN46: X | AO46: X | AP46: X | AQ46: X | AR46: X | AS46: X | AT46: X | AU46: X | AV46: X | AW46: X | AX46: X
A47: 1806 | B47: NARANJA TANGELO 1000 G | C47: EXTENDIDO | D47: ACTIVO | E47: 108044.91 | F47: 0.14859296 | G47: 727120 | H47: SECO | J47: 1 | K47: 1 | L47: CN08 | AQ47: X | AR47: X | AS47: X | AT47: X | AU47: X
A48: 1068 | B48: NARANJA VALENCIA MEDIANA 1500 G | C48: EXTENDIDO | D48: INACTIVO | E48: 0 | F48: #DIV/0! | G48: 0 | H48: SECO | J48: 1 | K48: 1 | L48: CN08
A49: 2607 | B49: NECTARIN 500 G | C49: NEVERA F | D49: INACTIVO | E49: #N/A | F49: #N/A | G49: #N/A | H49: FRIO | K49: 1 | L49: CN12
A50: 1675 | B50: PAPA 1000 GR | C50: BASICO | D50: ACTIVO | E50: 1418652.3 | F50: 0.1957942 | G50: 7245630 | H50: SECO | I50: 1 | J50: 1 | K50: 1 | L50: CN10 | M50: X | N50: X | O50: X | P50: X | Q50: X | R50: X | S50: X | T50: X | U50: X | V50: X | W50: X | X50: X | Y50: X | Z50: X | AA50: X | AB50: X | AC50: X | AD50: X | AE50: X | AF50: X | AG50: X | AH50: X | AI50: X | AJ50: X | AK50: X | AL50: X | AM50: X | AN50: X | AO50: X | AP50: X | AQ50: X | AR50: X | AS50: X | AT50: X | AU50: X | AV50: X | AW50: X | AX50: X
A51: 231 | B51: PAPA 2000 G | C51: BASICO | D51: INACTIVO | E51: 0 | F51: #DIV/0! | G51: 0 | H51: SECO | I51: 2 | J51: 1 | K51: 1 | L51: CN08
A52: 1868 | B52: PAPA PAREJA 1000 (MINI ) G | C52: BASICO | D52: ACTIVO | E52: 69600 | F52: 1.2538281 | G52: 55510 | H52: SECO | I52: 2 | J52: 1 | K52: 1 | L52: CN10 | M52: X | N52: X | O52: X | P52: X | Q52: X | R52: X | S52: X | T52: X | U52: X | V52: X | W52: X | X52: X | Y52: X | Z52: X | AA52: X | AB52: X | AC52: X | AD52: X | AE52: X | AF52: X | AG52: X | AH52: X | AI52: X | AJ52: X | AK52: X | AL52: X | AM52: X | AN52: X | AO52: X | AP52: X | AQ52: X | AR52: X | AS52: X | AT52: X | AU52: X | AV52: X | AW52: X | AX52: X
A53: 1076 | B53: PAPAYA 800 G | C53: EXTENDIDO | D53: ACTIVO | E53: 144698.48 | F53: 0.13246288 | G53: 1092370 | H53: SECO | J53: 1 | K53: 1 | L53: CN10 | AQ53: X | AR53: X | AS53: X | AT53: X | AU53: X
A54: 2473 | B54: PAPAYA MEDIANA UNIDAD | C54: EXTENDIDO | D54: INACTIVO | E54: #N/A | F54: #N/A | G54: #N/A | H54: SECO | J54: 1 | K54: 1 | L54: CN08
A55: 1623 | B55: PEPINO COHOMBRO UND | C55: EXTENDIDO | D55: ACTIVO | E55: 97925.78 | F55: 0.23455277 | G55: 417500 | H55: FRIO | J55: 1 | K55: 1 | L55: CN10 | AQ55: X | AR55: X | AS55: X | AT55: X | AU55: X
A56: 1867 | B56: PERA VERDE IMPORTADA UNIDAD | C56: EXTENDIDO | D56: ACTIVO | E56: 81817.35 | F56: 0.071285613 | G56: 1147740 | H56: FRIO | J56: 1 | K56: 1 | L56: CN22 | AQ56: X | AR56: X | AS56: X | AT56: X | AU56: X
A57: 2001 | B57: PIMENTON 300 G | C57: NEVERA F | D57: ACTIVO | E57: 50585.28 | F57: 0.11833368 | G57: 427480 | H57: FRIO | K57: 1 | L57: CN12 | AV57: X | AW57: X | AX57: X
A58: 883 | B58: PINA UNIDAD | C58: EXTENDIDO | D58: ACTIVO | E58: 129366.67 | F58: 0.13056789 | G58: 990800 | H58: SECO | J58: 1 | K58: 1 | L58: CN06 | AQ58: X | AR58: X | AS58: X | AT58: X | AU58: X
A59: 233 | B59: PLATANO HARTON 1000 G | C59: BASICO | D59: ACTIVO | E59: 560817.78 | F59: 0.12996574 | G59: 4315120 | H59: SECO | I59: 2 | J59: 1 | K59: 1 | L59: CN08 | M59: X | N59: X | O59: X | P59: X | Q59: X | R59: X | S59: X | T59: X | U59: X | V59: X | W59: X | X59: X | Y59: X | Z59: X | AA59: X | AB59: X | AC59: X | AD59: X | AE59: X | AF59: X | AG59: X | AH59: X | AI59: X | AJ59: X | AK59: X | AL59: X | AM59: X | AN59: X | AO59: X | AP59: X | AQ59: X | AR59: X | AS59: X | AT59: X | AU59: X | AV59: X | AW59: X | AX59: X
A60: 1601 | B60: PLATANO UND | C60: BASICO | D60: ACTIVO | E60: 651235.67 | F60: 0.12121605 | G60: 5372520 | H60: SECO | I60: 1 | J60: 1 | K60: 1 | L60: CN24 | M60: X | N60: X | O60: X | P60: X | Q60: X | R60: X | S60: X | T60: X | U60: X | V60: X | W60: X | X60: X | Y60: X | Z60: X | AA60: X | AB60: X | AC60: X | AD60: X | AE60: X | AF60: X | AG60: X | AH60: X | AI60: X | AJ60: X | AK60: X | AL60: X | AM60: X | AN60: X | AO60: X | AP60: X | AQ60: X | AR60: X | AS60: X | AT60: X | AU60: X | AV60: X | AW60: X | AX60: X
A61: 1081 | B61: RABANO 250 G | C61: NEVERA F | D61: ACTIVO | E61: 48947.64 | F61: 0.25500203 | G61: 191950 | H61: FRIO | K61: 1 | L61: CN12 | AV61: X | AW61: X | AX61: X
A62: 1073 | B62: RUGULA 200 G | C62: NEVERA F | D62: ACTIVO | E62: 171356.26 | F62: 0.5957731 | G62: 287620 | H62: FRIO | K62: 1 | L62: CN08 | AV62: X | AW62: X | AX62: X
A63: 1812 | B63: SANDIA BABY UNIDAD | C63: EXTENDIDO | D63: ACTIVO | E63: 78483.69 | F63: 0.13758448 | G63: 570440 | H63: SECO | J63: 1 | K63: 1 | L63: CN06 | AQ63: X | AR63: X | AS63: X | AT63: X | AU63: X
A64: 1156 | B64: TOMATE DE ARBOL 500 G | C64: EXTENDIDO | D64: INACTIVO | E64: 0 | F64: #DIV/0! | G64: 0 | H64: SECO | J64: 1 | K64: 1 | L64: CN10
A65: 1082 | B65: TOMATE CHERRY 250 G | C65: EXTENDIDO | D65: ACTIVO | E65: 274171.9 | F65: 0.50148504 | G65: 546720 | H65: FRIO | J65: 1 | K65: 1 | L65: CN12 | AQ65: X | AR65: X | AS65: X | AT65: X | AU65: X
A66: 2242 | B66: TOMATE CHONTO 1000 G | C66: BASICO | D66: INACTIVO | E66: -22668.66 | F66: -1.0523983 | G66: 21540 | H66: SECO | I66: 1 | J66: 1 | K66: 1 | L66: CN10
A67: 235 | B67: TOMATE CHONTO 500 G | C67: BASICO | D67: ACTIVO | E67: 1788411 | F67: 0.30559479 | G67: 5852230 | H67: SECO | I67: 1 | J67: 1 | K67: 1 | L67: CN10 | M67: X | N67: X | O67: X | P67: X | Q67: X | R67: X | S67: X | T67: X | U67: X | V67: X | W67: X | X67: X | Y67: X | Z67: X | AA67: X | AB67: X | AC67: X | AD67: X | AE67: X | AF67: X | AG67: X | AH67: X | AI67: X | AJ67: X | AK67: X | AL67: X | AM67: X | AN67: X | AO67: X | AP67: X | AQ67: X | AR67: X | AS67: X | AT67: X | AU67: X | AV67: X | AW67: X | AX67: X
A68: 1085 | B68: UCHUVA 300 G | C68: EXTENDIDO | D68: ACTIVO | E68: 187856.41 | F68: 0.62775743 | G68: 299250 | H68: FRIO | J68: 1 | K68: 1 | L68: CN12 | AQ68: X | AR68: X | AS68: X | AT68: X | AU68: X
A69: 1813 | B69: UVA ISABELLA 400 G | C69: NEVERA F | D69: ACTIVO | E69: 2800 | F69: 0.011883541 | G69: 235620 | H69: FRIO | K69: 1 | L69: CN08 | AV69: X | AW69: X | AX69: X
A70: 2471 | B70: UVA MIXTA 400 G | C70: TEMPORADA | D70: INACTIVO | E70: #N/A | F70: #N/A | G70: #N/A | H70: FRIO | K70: 1 | L70: CN08
A71: 1510 | B71: UVA RED GLOBE 400 G | C71: BASICO | D71: ACTIVO | E71: 486124.19 | F71: 0.086517748 | G71: 5618780 | H71: FRIO | I71: 1 | J71: 1 | K71: 1 | L71: CN08 | M71: X | N71: X | O71: X | P71: X | Q71: X | R71: X | S71: X | T71: X | U71: X | V71: X | W71: X | X71: X | Y71: X | Z71: X | AA71: X | AB71: X | AC71: X | AD71: X | AE71: X | AF71: X | AG71: X | AH71: X | AI71: X | AJ71: X | AK71: X | AL71: X | AM71: X | AN71: X | AO71: X | AP71: X | AQ71: X | AR71: X | AS71: X | AT71: X | AU71: X | AV71: X | AW71: X | AX71: X
A72: 1562 | B72: UVA VERDE SIN SEMILLA 400 G | C72: NEVERA F | D72: INACTIVO | E72: #N/A | F72: #N/A | G72: #N/A | H72: FRIO | K72: 1 | L72: CN08
A73: 238 | B73: ZANAHORIA 600 G | C73: BASICO | D73: ACTIVO | E73: 362956.2 | F73: 0.19929946 | G73: 1821160 | H73: FRIO | I73: 1 | J73: 1 | K73: 1 | L73: CN10 | M73: X | N73: X | O73: X | P73: X | Q73: X | R73: X | S73: X | T73: X | U73: X | V73: X | W73: X | X73: X | Y73: X | Z73: X | AA73: X | AB73: X | AC73: X | AD73: X | AE73: X | AF73: X | AG73: X | AH73: X | AI73: X | AJ73: X | AK73: X | AL73: X | AM73: X | AN73: X | AO73: X | AP73: X | AQ73: X | AR73: X | AS73: X | AT73: X | AU73: X | AV73: X | AW73: X | AX73: X
A74: 2248 | B74: ZANAHORIA X 1000 G | C74: BASICO | D74: INACTIVO | E74: #N/A | F74: #N/A | G74: #N/A | H74: FRIO | I74: 1 | J74: 1 | K74: 1 | L74: CN10
A75: 1818 | B75: ZUCCHINI AMARILLO 500 G | C75: NEVERA F | D75: INACTIVO | E75: #N/A | F75: #N/A | G75: #N/A | H75: FRIO | K75: 1 | L75: CN06
A76: 1817 | B76: ZUCCHINI VERDE 500 G | C76: NEVERA F | D76: INACTIVO | E76: #N/A | F76: #N/A | G76: #N/A | H76: FRIO | K76: 1 | L76: CN06

Sheet Segmentación SUR - HUILA
L1: Tienda | M1: N06 | N1: N11 | O1: N15 | P1: N16 | Q1: N17 | R1: N21 | S1: N22 | T1: N24 | U1: N27 | V1: N29 | W1: N31 | X1: N34 | Y1: N35 | Z1: N37 | AA1: N39 | AB1: N41 | AC1: N01 | AD1: N10 | AE1: N18 | AF1: N20 | AG1: N33
L2: Nombre tienda | M2: CAMPO ALEGRE | N2: BELLA VISTA | O2: PITALITO 4 | P2: RIVERA | Q2: TERUEL | R2: PAEZ LA PLATA | S2: ISNOS | T2: GARZON4 | U2: TARQUI | V2: SALADOBLANCO | W2: PAICOL | X2: ALTAMIRA HUILA | Y2: BELEN DE LOS ANDAQUIES | Z2: QUIRINAL | AA2: PALERMO | AB2: TORRES DEL CAFE | AC2: PITALITO | AD2: BERDEZ | AE2: TELLO | AF2: YAGUARA | AG2: TESORO
L3: N S E | M3: 2 | N3: 2 | O3: 2 | P3: 2 | Q3: 3 | R3: 2 | S3: 2 | T3: 2 | U3: 2 | V3: 2 | W3: 2 | X3: 2 | Y3: 2 | Z3: 5 | AA3: 3 | AB3: 3 | AC3: 2 | AD3: 2 | AE3: 3 | AF3: 2 | AG3: 2
L4: NEVERA AUTOCONTENIDA | M4: NO | N4: NO | O4: NO | P4: NO | Q4: NO | R4: NO | S4: NO | T4: NO | U4: NO | V4: NO | W4: NO | X4: NO | Y4: NO | Z4: NO | AA4: NO | AB4: NO | AC4: NO | AD4: NO | AE4: NO | AF4: NO | AG4: NO
L5: CANTIDAD MUEBLES FRUVER | M5: 1 | N5: 3 | O5: 1 | P5: 2 | Q5: 1 | R5: 1 | S5: 2 | T5: 2 | U5: 2 | V5: 1 | W5: 1 | X5: 2 | Y5: 1 | Z5: 1 | AA5: 1 | AB5: 2 | AC5: 2 | AD5: 1 | AE5: 1 | AF5: 1 | AG5: 1
L6: VTA PROM FRUVER | M6: 48301.667 | N6: 106380 | O6: 38636 | P6: 116120.33 | Q6: 120238.67 | R6: 75298.333 | S6: 57127 | T6: 63760.333 | U6: 104822 | V6: 98708.333 | W6: 74513 | X6: 81491 | Y6: 101737 | Z6: 119923.67 | AA6: 81859.333 | AB6: 98185.667 | AC6: 148413.33 | AD6: 227813.33 | AE6: 145931 | AF6: 145535.67 | AG6: 235811
L7: % PARTICIP | M7: 0.009 | N7: 0.012 | O7: 0.011 | P7: 0.012 | Q7: 0.013 | R7: 0.01 | S7: 0.012 | T7: 0.01 | U7: 0.013 | V7: 0.012 | W7: 0.014 | X7: 0.016 | Y7: 0.016 | Z7: 0.02 | AA7: 0.014 | AB7: 0.017 | AC7: 0.016 | AD7: 0.024 | AE7: 0.019 | AF7: 0.017 | AG7: 0.03
L8: TIPO DE PORTAFOLIO | M8: BÁSICO | N8: BÁSICO | O8: BÁSICO | P8: BÁSICO | Q8: BÁSICO | R8: BÁSICO | S8: BÁSICO | T8: BÁSICO | U8: BÁSICO | V8: BÁSICO | W8: BÁSICO | X8: BÁSICO | Y8: BÁSICO | Z8: BÁSICO | AA8: BÁSICO | AB8: BÁSICO | AC8: BÁSICO + EXTENDIDO | AD8: BÁSICO + EXTENDIDO | AE8: BÁSICO + EXTENDIDO | AF8: BÁSICO + EXTENDIDO | AG8: BÁSICO + EXTENDIDO
A9: ITEM | B9: DESCRIPCION | C9: CLUSTERIZACIÓN | D9: ESTADO | E9: Merma 01 A 30 JUNIO $ | F9: % merma JUNIO | G9: venta JUNIO $ | H9: EXHIBICION | I9: CARAS BSC | J9: CARAS BSC+EXT | K9: CARAS BSC+EXT+NEV | L9: U.M. | M9: 17 | N9: 17 | O9: 17 | P9: 17 | Q9: 17 | R9: 17 | S9: 17 | T9: 17 | U9: 17 | V9: 17 | W9: 17 | X9: 17 | Y9: 17 | Z9: 17 | AA9: 17 | AB9: 17 | AC9: 28 | AD9: 28 | AE9: 28 | AF9: 28 | AG9: 28
A10: 1561 | B10: AGUACATE HASS UND | C10: BASICO | D10: ACTIVO | E10: =VLOOKUP(A10,'tabla datos'!$H$160:$K$206,4,0) -> 972543.57 | F10: =E10/G10 -> 0.1910597 | G10: =VLOOKUP(A10,'tabla datos'!$H$160:$K$206,3,0) -> 5090260 | H10: SECO | I10: 1 | J10: 1 | K10: 1 | L10: CN36 | M10: X | N10: X | O10: X | P10: X | Q10: X | R10: X | S10: X | T10: X | U10: X | V10: X | W10: X | X10: X | Y10: X | Z10: X | AA10: X | AB10: X | AC10: X | AD10: X | AE10: X | AF10: X | AG10: X
A11: 1074 | B11: AGUACATE VARIEDAD 400 G | C11: EXTENDIDO | D11: ACTIVO | E11: =VLOOKUP(A11,'tabla datos'!$H$160:$K$206,4,0) -> 96766.63 | F11: =E11/G11 -> 0.068565113 | G11: =VLOOKUP(A11,'tabla datos'!$H$160:$K$206,3,0) -> 1411310 | H11: SECO | J11: 1 | K11: 1 | L11: CN10 | AC11: X | AD11: X | AE11: X | AF11: X | AG11: X
A12: 1819 | B12: AHUYAMA ZAKATA 600 G | C12: EXTENDIDO | D12: ACTIVO | E12: =VLOOKUP(A12,'tabla datos'!$H$160:$K$206,4,0) -> 57654.9 | F12: =E12/G12 -> 0.29896241 | G12: =VLOOKUP(A12,'tabla datos'!$H$160:$K$206,3,0) -> 192850 | H12: SECO | K12: 1 | L12: CN10 | AC12: X | AD12: X | AE12: X | AF12: X | AG12: X
A13: 155 | B13: AJO 3 UND | C13: BASICO | D13: ACTIVO | E13: =VLOOKUP(A13,'tabla datos'!$H$160:$K$206,4,0) -> 65838.89 | F13: =E13/G13 -> 0.027962884 | G13: =VLOOKUP(A13,'tabla datos'!$H$160:$K$206,3,0) -> 2354510 | H13: SECO | I13: 1 | J13: 1 | K13: 1 | L13: CN50 | M13: X | N13: X | O13: X | P13: X | Q13: X | R13: X | S13: X | T13: X | U13: X | V13: X | W13: X | X13: X | Y13: X | Z13: X | AA13: X | AB13: X | AC13: X | AD13: X | AE13: X | AF13: X | AG13: X
A14: 1793 | B14: APIO 300 G | C14: NEVERA F | D14: INACTIVO | E14: =VLOOKUP(A14,'tabla datos'!$H$160:$K$206,4,0) -> #N/A | F14: =E14/G14 -> #N/A | G14: =VLOOKUP(A14,'tabla datos'!$H$160:$K$206,3,0) -> #N/A | H14: FRIO | K14: 1 | L14: CN08
A15: 157 | B15: ARANDANOS FRESCOS 125 G | C15: BASICO | D15: ACTIVO | E15: =VLOOKUP(A15,'tabla datos'!$H$160:$K$206,4,0) -> 568369.1 | F15: =E15/G15 -> 0.082084562 | G15: =VLOOKUP(A15,'tabla datos'!$H$160:$K$206,3,0) -> 6924190 | H15: FRIO | I15: 1 | J15: 1 | K15: 1 | L15: CN12 | M15: X | N15: X | O15: X | P15: X | Q15: X | R15: X | S15: X | T15: X | U15: X | V15: X | W15: X | X15: X | Y15: X | Z15: X | AA15: X | AB15: X | AC15: X | AD15: X | AE15: X | AF15: X | AG15: X
A16: 1210 | B16: BANANO UNIDAD | C16: BASICO | D16: ACTIVO | E16: =VLOOKUP(A16,'tabla datos'!$H$160:$K$206,4,0) -> 1010425.1 | F16: =E16/G16 -> 0.20863834 | G16: =VLOOKUP(A16,'tabla datos'!$H$160:$K$206,3,0) -> 4842950 | H16: SECO | I16: 1 | J16: 1 | K16: 1 | L16: C100 | M16: X | N16: X | O16: X | P16: X | Q16: X | R16: X | S16: X | T16: X | U16: X | V16: X | W16: X | X16: X | Y16: X | Z16: X | AA16: X | AB16: X | AC16: X | AD16: X | AE16: X | AF16: X | AG16: X
A17: 1795 | B17: BROCOLI 250 G | C17: NEVERA F | D17: INACTIVO | E17: =VLOOKUP(A17,'tabla datos'!$H$160:$K$206,4,0) -> #N/A | F17: =E17/G17 -> #N/A | G17: =VLOOKUP(A17,'tabla datos'!$H$160:$K$206,3,0) -> #N/A | H17: FRIO | K17: 1 | L17: CN06
A18: 2472 | B18: CEBOLLA BLANCA SEMIPELADA CABEZONA 1000 G | C18: BASICO | D18: INACTIVO | E18: =VLOOKUP(A18,'tabla datos'!$H$160:$K$206,4,0) -> #N/A | F18: =E18/G18 -> #N/A | G18: =VLOOKUP(A18,'tabla datos'!$H$160:$K$206,3,0) -> #N/A | H18: SECO | I18: 1 | J18: 1 | K18: 1 | L18: CN10
A19: 175 | B19: CEBOLLA BLANCA CABEZONA 500 G | C19: BASICO | D19: ACTIVO | E19: =VLOOKUP(A19,'tabla datos'!$H$160:$K$206,4,0) -> 68854.9 | F19: =E19/G19 -> 0.047797647 | G19: =VLOOKUP(A19,'tabla datos'!$H$160:$K$206,3,0) -> 1440550 | H19: SECO | I19: 1 | J19: 1 | K19: 1 | L19: CN12 | M19: X | N19: X | O19: X | P19: X | Q19: X | R19: X | S19: X | T19: X | U19: X | V19: X | W19: X | X19: X | Y19: X | Z19: X | AA19: X | AB19: X | AC19: X | AD19: X | AE19: X | AF19: X | AG19: X
A20: 2052 | B20: CEBOLLA LARGA 500G | C20: EXTENDIDO | D20: ACTIVO | E20: =VLOOKUP(A20,'tabla datos'!$H$160:$K$206,4,0) -> 65992.81 | F20: =E20/G20 -> 0.38062527 | G20: =VLOOKUP(A20,'tabla datos'!$H$160:$K$206,3,0) -> 173380 | H20: FRIO | J20: 1 | K20: 1 | L20: CN10 | AC20: X | AD20: X | AE20: X | AF20: X | AG20: X
A21: 754 | B21: CEBOLLA ROJA 500 G | C21: EXTENDIDO | D21: INACTIVO | E21: =VLOOKUP(A21,'tabla datos'!$H$160:$K$206,4,0) -> #N/A | F21: =E21/G21 -> #N/A | G21: =VLOOKUP(A21,'tabla datos'!$H$160:$K$206,3,0) -> #N/A | H21: SECO | J21: 1 | K21: 1 | L21: CN12
A22: 1796 | B22: CILANTRO 120 G | C22: NEVERA F | D22: INACTIVO | E22: =VLOOKUP(A22,'tabla datos'!$H$160:$K$206,4,0) -> #N/A | F22: =E22/G22 -> #N/A | G22: =VLOOKUP(A22,'tabla datos'!$H$160:$K$206,3,0) -> #N/A | H22: FRIO | K22: 1 | L22: CN10
A23: 2606 | B23: CIRUELA IMPORTADA 500 G | C23: NEVERA F | D23: INACTIVO | E23: =VLOOKUP(A23,'tabla datos'!$H$160:$K$206,4,0) -> #N/A | F23: =E23/G23 -> #N/A | G23: =VLOOKUP(A23,'tabla datos'!$H$160:$K$206,3,0) -> #N/A | H23: FRIO | K23: 1 | L23: CN12
A24: 1797 | B24: CIRUELA NACIONAL 400 G | C24: NEVERA F | D24: INACTIVO | E24: =VLOOKUP(A24,'tabla datos'!$H$160:$K$206,4,0) -> #N/A | F24: =E24/G24 -> #N/A | G24: =VLOOKUP(A24,'tabla datos'!$H$160:$K$206,3,0) -> #N/A | H24: FRIO | K24: 1 | L24: CN06
A25: 1071 | B25: COGOLLO 3 UNIDADES 300 G | C25: NEVERA F | D25: INACTIVO | E25: =VLOOKUP(A25,'tabla datos'!$H$160:$K$206,4,0) -> #N/A | F25: =E25/G25 -> #N/A | G25: =VLOOKUP(A25,'tabla datos'!$H$160:$K$206,3,0) -> #N/A | H25: FRIO | K25: 1 | L25: CN10
A26: 1072 | B26: ESPINACA 150 G | C26: NEVERA F | D26: INACTIVO | E26: =VLOOKUP(A26,'tabla datos'!$H$160:$K$206,4,0) -> #N/A | F26: =E26/G26 -> #N/A | G26: =VLOOKUP(A26,'tabla datos'!$H$160:$K$206,3,0) -> #N/A | H26: FRIO | K26: 1 | L26: CN10
A27: 1084 | B27: FRESA 250 G | C27: NEVERA F | D27: INACTIVO | E27: =VLOOKUP(A27,'tabla datos'!$H$160:$K$206,4,0) -> #N/A | F27: =E27/G27 -> #N/A | G27: =VLOOKUP(A27,'tabla datos'!$H$160:$K$206,3,0) -> #N/A | H27: FRIO | J27: 1 | K27: 1 | L27: CN12
A28: 1800 | B28: GRANADILLA 450 G | C28: EXTENDIDO | D28: INACTIVO | E28: =VLOOKUP(A28,'tabla datos'!$H$160:$K$206,4,0) -> 33500 | F28: =E28/G28 -> 0.088751126 | G28: =VLOOKUP(A28,'tabla datos'!$H$160:$K$206,3,0) -> 377460 | H28: SECO | J28: 1 | K28: 1 | L28: CN08
A29: 1801 | B29: GUAYABA PERA 500 G | C29: EXTENDIDO | D29: INACTIVO | E29: =VLOOKUP(A29,'tabla datos'!$H$160:$K$206,4,0) -> #N/A | F29: =E29/G29 -> #N/A | G29: =VLOOKUP(A29,'tabla datos'!$H$160:$K$206,3,0) -> #N/A | H29: SECO | J29: 1 | K29: 1 | L29: CN08
A30: 1820 | B30: GULUPA 500 G | C30: EXTENDIDO | D30: INACTIVO | E30: =VLOOKUP(A30,'tabla datos'!$H$160:$K$206,4,0) -> #N/A | F30: =E30/G30 -> #N/A | G30: =VLOOKUP(A30,'tabla datos'!$H$160:$K$206,3,0) -> #N/A | H30: SECO | J30: 1 | K30: 1 | L30: CN10
A31: 2608 | B31: KIWI 300 G | C31: NEVERA F | D31: INACTIVO | E31: =VLOOKUP(A31,'tabla datos'!$H$160:$K$206,4,0) -> #N/A | F31: =E31/G31 -> #N/A | G31: =VLOOKUP(A31,'tabla datos'!$H$160:$K$206,3,0) -> #N/A | H31: FRIO | K31: 1 | L31: CN12
A32: 1803 | B32: KIWI 200 G | C32: EXTENDIDO | D32: ACTIVO | E32: =VLOOKUP(A32,'tabla datos'!$H$160:$K$206,4,0) -> 22925.45 | F32: =E32/G32 -> 0.028804435 | G32: =VLOOKUP(A32,'tabla datos'!$H$160:$K$206,3,0) -> 795900 | H32: SECO | J32: 1 | K32: 1 | L32: CN08 | AC32: X | AD32: X | AE32: X | AF32: X | AG32: X
A33: 1079 | B33: LECHUGA CRESPA VERDE UNIDAD | C33: NEVERA F | D33: INACTIVO | E33: =VLOOKUP(A33,'tabla datos'!$H$160:$K$206,4,0) -> #N/A | F33: =E33/G33 -> #N/A | G33: =VLOOKUP(A33,'tabla datos'!$H$160:$K$206,3,0) -> #N/A | H33: FRIO | J33: 1 | K33: 1 | L33: CN12
A34: 965 | B34: LIMON TAHITI 500 G | C34: BASICO | D34: ACTIVO | E34: =VLOOKUP(A34,'tabla datos'!$H$160:$K$206,4,0) -> 291280.13 | F34: =E34/G34 -> 0.31402496 | G34: =VLOOKUP(A34,'tabla datos'!$H$160:$K$206,3,0) -> 927570 | H34: SECO | I34: 1 | J34: 1 | K34: 1 | L34: CN12 | M34: X | N34: X | O34: X | P34: X | Q34: X | R34: X | S34: X | T34: X | U34: X | V34: X | W34: X | X34: X | Y34: X | Z34: X | AA34: X | AB34: X | AC34: X | AD34: X | AE34: X | AF34: X | AG34: X
A35: 2247 | B35: LIMON X 1000 G | C35: BASICO | D35: INACTIVO | E35: =VLOOKUP(A35,'tabla datos'!$H$160:$K$206,4,0) -> #N/A | F35: =E35/G35 -> #N/A | G35: =VLOOKUP(A35,'tabla datos'!$H$160:$K$206,3,0) -> #N/A | H35: SECO | I35: 1 | J35: 1 | K35: 1 | L35: CN10
A36: 1804 | B36: LULO 600 G | C36: NEVERA F | D36: INACTIVO | E36: =VLOOKUP(A36,'tabla datos'!$H$160:$K$206,4,0) -> 33560.68 | F36: =E36/G36 -> 6.7255872 | G36: =VLOOKUP(A36,'tabla datos'!$H$160:$K$206,3,0) -> 4990 | H36: FRIO | K36: 1 | L36: CN08
A37: 1805 | B37: MANDARINA 500 G | C37: EXTENDIDO | D37: INACTIVO | E37: =VLOOKUP(A37,'tabla datos'!$H$160:$K$206,4,0) -> #N/A | F37: =E37/G37 -> #N/A | G37: =VLOOKUP(A37,'tabla datos'!$H$160:$K$206,3,0) -> #N/A | H37: SECO | J37: 1 | K37: 1 | L37: CN08
A38: 2600 | B38: MANDARINA IMPORTADA *500GR | C38: NEVERA F | D38: INACTIVO | E38: =VLOOKUP(A38,'tabla datos'!$H$160:$K$206,4,0) -> #N/A | F38: =E38/G38 -> #N/A | G38: =VLOOKUP(A38,'tabla datos'!$H$160:$K$206,3,0) -> #N/A | H38: FRIO | K38: 1 | L38: CN12
A39: 1807 | B39: MANGO VARIEDAD UNIDAD | C39: EXTENDIDO | D39: ACTIVO | E39: =VLOOKUP(A39,'tabla datos'!$H$160:$K$206,4,0) -> 69591.51 | F39: =E39/G39 -> 0.066857699 | G39: =VLOOKUP(A39,'tabla datos'!$H$160:$K$206,3,0) -> 1040890 | H39: SECO | J39: 1 | K39: 1 | L39: CN10 | AC39: X | AD39: X | AE39: X | AF39: X | AG39: X
A40: 1671 | B40: MANZANA ROYAL GALA UND | C40: BASICO | D40: ACTIVO | E40: =VLOOKUP(A40,'tabla datos'!$H$160:$K$206,4,0) -> 401219.16 | F40: =E40/G40 -> 0.080142052 | G40: =VLOOKUP(A40,'tabla datos'!$H$160:$K$206,3,0) -> 5006350 | H40: SECO | I40: 1 | J40: 1 | K40: 1 | L40: CN25 | M40: X | N40: X | O40: X | P40: X | Q40: X | R40: X | S40: X | T40: X | U40: X | V40: X | W40: X | X40: X | Y40: X | Z40: X | AA40: X | AB40: X | AC40: X | AD40: X | AE40: X | AF40: X | AG40: X
A41: 2243 | B41: MANZANA ROYAL BOLSA 500 G | C41: BASICO | D41: ACTIVO | E41: =VLOOKUP(A41,'tabla datos'!$H$160:$K$206,4,0) -> 80322.29 | F41: =E41/G41 -> 0.010032799 | G41: =VLOOKUP(A41,'tabla datos'!$H$160:$K$206,3,0) -> 8005970 | H41: SECO | I41: 1 | J41: 1 | K41: 1 | L41: CN12 | M41: X | N41: X | O41: X | P41: X | Q41: X | R41: X | S41: X | T41: X | U41: X | V41: X | W41: X | X41: X | Y41: X | Z41: X | AA41: X | AB41: X | AC41: X | AD41: X | AE41: X | AF41: X | AG41: X
A42: 2244 | B42: MANZANA VERDE BOLSA 500 G | C42: BASICO | D42: ACTIVO | E42: =VLOOKUP(A42,'tabla datos'!$H$160:$K$206,4,0) -> 327871.22 | F42: =E42/G42 -> 0.074087154 | G42: =VLOOKUP(A42,'tabla datos'!$H$160:$K$206,3,0) -> 4425480 | H42: SECO | I42: 1 | J42: 1 | K42: 1 | L42: CN12 | M42: X | N42: X | O42: X | P42: X | Q42: X | R42: X | S42: X | T42: X | U42: X | V42: X | W42: X | X42: X | Y42: X | Z42: X | AA42: X | AB42: X | AC42: X | AD42: X | AE42: X | AF42: X | AG42: X
A43: 1673 | B43: MANZANA VERDE UND | C43: BASICO | D43: ACTIVO | E43: =VLOOKUP(A43,'tabla datos'!$H$160:$K$206,4,0) -> 434377.38 | F43: =E43/G43 -> 0.11911683 | G43: =VLOOKUP(A43,'tabla datos'!$H$160:$K$206,3,0) -> 3646650 | H43: SECO | I43: 1 | J43: 1 | K43: 1 | L43: CN25 | M43: X | N43: X | O43: X | P43: X | Q43: X | R43: X | S43: X | T43: X | U43: X | V43: X | W43: X | X43: X | Y43: X | Z43: X | AA43: X | AB43: X | AC43: X | AD43: X | AE43: X | AF43: X | AG43: X
A44: 1075 | B44: MARACUYA 750 G | C44: EXTENDIDO | D44: INACTIVO | E44: =VLOOKUP(A44,'tabla datos'!$H$160:$K$206,4,0) -> #N/A | F44: =E44/G44 -> #N/A | G44: =VLOOKUP(A44,'tabla datos'!$H$160:$K$206,3,0) -> #N/A | H44: SECO | J44: 1 | K44: 1 | L44: CN10
A45: 1816 | B45: MAZORCA 600 G | C45: NEVERA F | D45: INACTIVO | E45: =VLOOKUP(A45,'tabla datos'!$H$160:$K$206,4,0) -> #N/A | F45: =E45/G45 -> #N/A | G45: =VLOOKUP(A45,'tabla datos'!$H$160:$K$206,3,0) -> #N/A | H45: FRIO | K45: 1 | L45: CN08
A46: 2050 | B46: MIX FRUTAS IMPORTADAS | C46: BASICO | D46: ACTIVO | E46: =VLOOKUP(A46,'tabla datos'!$H$160:$K$206,4,0) -> 101029.78 | F46: =E46/G46 -> 0.026397762 | G46: =VLOOKUP(A46,'tabla datos'!$H$160:$K$206,3,0) -> 3827210 | H46: FRIO | I46: 1 | J46: 1 | K46: 1 | L46: CN06 | M46: X | N46: X | O46: X | P46: X | Q46: X | R46: X | S46: X | T46: X | U46: X | V46: X | W46: X | X46: X | Y46: X | Z46: X | AA46: X | AB46: X | AC46: X | AD46: X | AE46: X | AF46: X | AG46: X
A47: 1806 | B47: NARANJA TANGELO 1000 G | C47: EXTENDIDO | D47: ACTIVO | E47: =VLOOKUP(A47,'tabla datos'!$H$160:$K$206,4,0) -> 127698.75 | F47: =E47/G47 -> 0.2428056 | G47: =VLOOKUP(A47,'tabla datos'!$H$160:$K$206,3,0) -> 525930 | H47: SECO | J47: 1 | K47: 1 | L47: CN08 | AC47: X | AD47: X | AE47: X | AF47: X | AG47: X
A48: 1068 | B48: NARANJA VALENCIA MEDIANA 1500 G | C48: EXTENDIDO | D48: INACTIVO | E48: =VLOOKUP(A48,'tabla datos'!$H$160:$K$206,4,0) -> #N/A | F48: =E48/G48 -> #N/A | G48: =VLOOKUP(A48,'tabla datos'!$H$160:$K$206,3,0) -> #N/A | H48: SECO | J48: 1 | K48: 1 | L48: CN08
A49: 2607 | B49: NECTARIN 500 G | C49: NEVERA F | D49: INACTIVO | E49: =VLOOKUP(A49,'tabla datos'!$H$160:$K$206,4,0) -> #N/A | F49: =E49/G49 -> #N/A | G49: =VLOOKUP(A49,'tabla datos'!$H$160:$K$206,3,0) -> #N/A | H49: FRIO | K49: 1 | L49: CN12
A50: 1675 | B50: PAPA 1000 GR | C50: BASICO | D50: INACTIVO | E50: =VLOOKUP(A50,'tabla datos'!$H$160:$K$206,4,0) -> -6200.1 | F50: =E50/G50 -> -0.77695489 | G50: =VLOOKUP(A50,'tabla datos'!$H$160:$K$206,3,0) -> 7980 | H50: SECO | I50: 1 | J50: 1 | K50: 1 | L50: CN10
A51: 231 | B51: PAPA 2000 G | C51: BASICO | D51: INACTIVO | E51: =VLOOKUP(A51,'tabla datos'!$H$160:$K$206,4,0) -> #N/A | F51: =E51/G51 -> #N/A | G51: =VLOOKUP(A51,'tabla datos'!$H$160:$K$206,3,0) -> #N/A | H51: SECO | I51: 2 | J51: 1 | K51: 1 | L51: CN08
A52: 1868 | B52: PAPA PAREJA 1000 (MINI ) G | C52: BASICO | D52: ACTIVO | E52: =VLOOKUP(A52,'tabla datos'!$H$160:$K$206,4,0) -> 73398.93 | F52: =E52/G52 -> 0.026810534 | G52: =VLOOKUP(A52,'tabla datos'!$H$160:$K$206,3,0) -> 2737690 | H52: SECO | I52: 2 | J52: 1 | K52: 1 | L52: CN10 | M52: X | N52: X | O52: X | P52: X | Q52: X | R52: X | S52: X | T52: X | U52: X | V52: X | W52: X | X52: X | Y52: X | Z52: X | AA52: X | AB52: X | AC52: X | AD52: X | AE52: X | AF52: X | AG52: X
A53: 1076 | B53: PAPAYA 800 G | C53: EXTENDIDO | D53: ACTIVO | E53: =VLOOKUP(A53,'tabla datos'!$H$160:$K$206,4,0) -> 148800.31 | F53: =E53/G53 -> 0.21874356 | G53: =VLOOKUP(A53,'tabla datos'!$H$160:$K$206,3,0) -> 680250 | H53: SECO | J53: 1 | K53: 1 | L53: CN10 | AC53: X | AD53: X | AE53: X | AF53: X | AG53: X
A54: 2473 | B54: PAPAYA MEDIANA UNIDAD | C54: EXTENDIDO | D54: INACTIVO | E54: =VLOOKUP(A54,'tabla datos'!$H$160:$K$206,4,0) -> #N/A | F54: =E54/G54 -> #N/A | G54: =VLOOKUP(A54,'tabla datos'!$H$160:$K$206,3,0) -> #N/A | H54: SECO | J54: 1 | K54: 1 | L54: CN08
A55: 1623 | B55: PEPINO COHOMBRO UND | C55: EXTENDIDO | D55: ACTIVO | E55: =VLOOKUP(A55,'tabla datos'!$H$160:$K$206,4,0) -> 129309.18 | F55: =E55/G55 -> 0.7934052 | G55: =VLOOKUP(A55,'tabla datos'!$H$160:$K$206,3,0) -> 162980 | H55: FRIO | J55: 1 | K55: 1 | L55: CN10 | AC55: X | AD55: X | AE55: X | AF55: X | AG55: X
A56: 1867 | B56: PERA VERDE IMPORTADA UNIDAD | C56: EXTENDIDO | D56: ACTIVO | E56: =VLOOKUP(A56,'tabla datos'!$H$160:$K$206,4,0) -> 30185.68 | F56: =E56/G56 -> 0.062079796 | G56: =VLOOKUP(A56,'tabla datos'!$H$160:$K$206,3,0) -> 486240 | H56: FRIO | J56: 1 | K56: 1 | L56: CN22 | AC56: X | AD56: X | AE56: X | AF56: X | AG56: X
A57: 2001 | B57: PIMENTON 300 G | C57: NEVERA F | D57: INACTIVO | E57: =VLOOKUP(A57,'tabla datos'!$H$160:$K$206,4,0) -> -4200 | F57: =E57/G57 -> #DIV/0! | G57: =VLOOKUP(A57,'tabla datos'!$H$160:$K$206,3,0) -> 0 | H57: FRIO | K57: 1 | L57: CN12
A58: 883 | B58: PINA UNIDAD | C58: EXTENDIDO | D58: ACTIVO | E58: =VLOOKUP(A58,'tabla datos'!$H$160:$K$206,4,0) -> 138600 | F58: =E58/G58 -> 0.17736486 | G58: =VLOOKUP(A58,'tabla datos'!$H$160:$K$206,3,0) -> 781440 | H58: SECO | J58: 1 | K58: 1 | L58: CN06 | AC58: X | AD58: X | AE58: X | AF58: X | AG58: X
A59: 233 | B59: PLATANO HARTON 1000 G | C59: BASICO | D59: ACTIVO | E59: =VLOOKUP(A59,'tabla datos'!$H$160:$K$206,4,0) -> 368742.07 | F59: =E59/G59 -> 0.17474271 | G59: =VLOOKUP(A59,'tabla datos'!$H$160:$K$206,3,0) -> 2110200 | H59: SECO | I59: 2 | J59: 1 | K59: 1 | L59: CN08 | M59: X | N59: X | O59: X | P59: X | Q59: X | R59: X | S59: X | T59: X | U59: X | V59: X | W59: X | X59: X | Y59: X | Z59: X | AA59: X | AB59: X | AC59: X | AD59: X | AE59: X | AF59: X | AG59: X
A60: 1601 | B60: PLATANO UND | C60: BASICO | D60: ACTIVO | E60: =VLOOKUP(A60,'tabla datos'!$H$160:$K$206,4,0) -> 406000 | F60: =E60/G60 -> 0.10749044 | G60: =VLOOKUP(A60,'tabla datos'!$H$160:$K$206,3,0) -> 3777080 | H60: SECO | I60: 1 | J60: 1 | K60: 1 | L60: CN24 | M60: X | N60: X | O60: X | P60: X | Q60: X | R60: X | S60: X | T60: X | U60: X | V60: X | W60: X | X60: X | Y60: X | Z60: X | AA60: X | AB60: X | AC60: X | AD60: X | AE60: X | AF60: X | AG60: X
A61: 1081 | B61: RABANO 250 G | C61: NEVERA F | D61: INACTIVO | E61: =VLOOKUP(A61,'tabla datos'!$H$160:$K$206,4,0) -> #N/A | F61: =E61/G61 -> #N/A | G61: =VLOOKUP(A61,'tabla datos'!$H$160:$K$206,3,0) -> #N/A | H61: FRIO | K61: 1 | L61: CN12
A62: 1073 | B62: RUGULA 200 G | C62: NEVERA F | D62: INACTIVO | E62: =VLOOKUP(A62,'tabla datos'!$H$160:$K$206,4,0) -> #N/A | F62: =E62/G62 -> #N/A | G62: =VLOOKUP(A62,'tabla datos'!$H$160:$K$206,3,0) -> #N/A | H62: FRIO | K62: 1 | L62: CN08
A63: 1812 | B63: SANDIA BABY UNIDAD | C63: EXTENDIDO | D63: ACTIVO | E63: =VLOOKUP(A63,'tabla datos'!$H$160:$K$206,4,0) -> 60539.1 | F63: =E63/G63 -> 0.10116828 | G63: =VLOOKUP(A63,'tabla datos'!$H$160:$K$206,3,0) -> 598400 | H63: SECO | J63: 1 | K63: 1 | L63: CN06 | AC63: X | AD63: X | AE63: X | AF63: X | AG63: X
A64: 1156 | B64: TOMATE DE ARBOL 500 G | C64: EXTENDIDO | D64: INACTIVO | E64: =VLOOKUP(A64,'tabla datos'!$H$160:$K$206,4,0) -> #N/A | F64: =E64/G64 -> #N/A | G64: =VLOOKUP(A64,'tabla datos'!$H$160:$K$206,3,0) -> #N/A | H64: SECO | J64: 1 | K64: 1 | L64: CN10
A65: 1082 | B65: TOMATE CHERRY 250 G | C65: EXTENDIDO | D65: INACTIVO | E65: =VLOOKUP(A65,'tabla datos'!$H$160:$K$206,4,0) -> 178924.6 | F65: =E65/G65 -> 0.67944331 | G65: =VLOOKUP(A65,'tabla datos'!$H$160:$K$206,3,0) -> 263340 | H65: FRIO | J65: 1 | K65: 1 | L65: CN12
A66: 2242 | B66: TOMATE CHONTO 1000 G | C66: BASICO | D66: INACTIVO | E66: =VLOOKUP(A66,'tabla datos'!$H$160:$K$206,4,0) -> #N/A | F66: =E66/G66 -> #N/A | G66: =VLOOKUP(A66,'tabla datos'!$H$160:$K$206,3,0) -> #N/A | H66: SECO | I66: 1 | J66: 1 | K66: 1 | L66: CN10
A67: 235 | B67: TOMATE CHONTO 500 G | C67: BASICO | D67: ACTIVO | E67: =VLOOKUP(A67,'tabla datos'!$H$160:$K$206,4,0) -> 392912.38 | F67: =E67/G67 -> 0.16628819 | G67: =VLOOKUP(A67,'tabla datos'!$H$160:$K$206,3,0) -> 2362840 | H67: SECO | I67: 1 | J67: 1 | K67: 1 | L67: CN10 | M67: X | N67: X | O67: X | P67: X | Q67: X | R67: X | S67: X | T67: X | U67: X | V67: X | W67: X | X67: X | Y67: X | Z67: X | AA67: X | AB67: X | AC67: X | AD67: X | AE67: X | AF67: X | AG67: X
A68: 1085 | B68: UCHUVA 300 G | C68: EXTENDIDO | D68: INACTIVO | E68: =VLOOKUP(A68,'tabla datos'!$H$160:$K$206,4,0) -> #N/A | F68: =E68/G68 -> #N/A | G68: =VLOOKUP(A68,'tabla datos'!$H$160:$K$206,3,0) -> #N/A | H68: FRIO | J68: 1 | K68: 1 | L68: CN12
A69: 1813 | B69: UVA ISABELLA 400 G | C69: NEVERA F | D69: INACTIVO | E69: =VLOOKUP(A69,'tabla datos'!$H$160:$K$206,4,0) -> 16800 | F69: =E69/G69 -> 0.56737589 | G69: =VLOOKUP(A69,'tabla datos'!$H$160:$K$206,3,0) -> 29610 | H69: FRIO | K69: 1 | L69: CN08
A70: 2471 | B70: UVA MIXTA 400 G | C70: TEMPORADA | D70: INACTIVO | E70: =VLOOKUP(A70,'tabla datos'!$H$160:$K$206,4,0) -> #N/A | F70: =E70/G70 -> #N/A | G70: =VLOOKUP(A70,'tabla datos'!$H$160:$K$206,3,0) -> #N/A | H70: FRIO | K70: 1 | L70: CN08
A71: 1510 | B71: UVA RED GLOBE 400 G | C71: BASICO | D71: ACTIVO | E71: =VLOOKUP(A71,'tabla datos'!$H$160:$K$206,4,0) -> 182165.67 | F71: =E71/G71 -> 0.056999625 | G71: =VLOOKUP(A71,'tabla datos'!$H$160:$K$206,3,0) -> 3195910 | H71: FRIO | I71: 1 | J71: 1 | K71: 1 | L71: CN08 | M71: X | N71: X | O71: X | P71: X | Q71: X | R71: X | S71: X | T71: X | U71: X | V71: X | W71: X | X71: X | Y71: X | Z71: X | AA71: X | AB71: X | AC71: X | AD71: X | AE71: X | AF71: X | AG71: X
A72: 1562 | B72: UVA VERDE SIN SEMILLA 400 G | C72: NEVERA F | D72: INACTIVO | E72: =VLOOKUP(A72,'tabla datos'!$H$160:$K$206,4,0) -> #N/A | F72: =E72/G72 -> #N/A | G72: =VLOOKUP(A72,'tabla datos'!$H$160:$K$206,3,0) -> #N/A | H72: FRIO | K72: 1 | L72: CN08
A73: 238 | B73: ZANAHORIA 600 G | C73: BASICO | D73: ACTIVO | E73: =VLOOKUP(A73,'tabla datos'!$H$160:$K$206,4,0) -> 267363.91 | F73: =E73/G73 -> 0.55375484 | G73: =VLOOKUP(A73,'tabla datos'!$H$160:$K$206,3,0) -> 482820 | H73: FRIO | I73: 1 | J73: 1 | K73: 1 | L73: CN10 | M73: X | N73: X | O73: X | P73: X | Q73: X | R73: X | S73: X | T73: X | U73: X | V73: X | W73: X | X73: X | Y73: X | Z73: X | AA73: X | AB73: X | AC73: X | AD73: X | AE73: X | AF73: X | AG73: X
A74: 2248 | B74: ZANAHORIA X 1000 G | C74: BASICO | D74: INACTIVO | E74: =VLOOKUP(A74,'tabla datos'!$H$160:$K$206,4,0) -> #N/A | F74: =E74/G74 -> #N/A | G74: =VLOOKUP(A74,'tabla datos'!$H$160:$K$206,3,0) -> #N/A | H74: FRIO | I74: 1 | J74: 1 | K74: 1 | L74: CN10
A75: 1818 | B75: ZUCCHINI AMARILLO 500 G | C75: NEVERA F | D75: INACTIVO | E75: =VLOOKUP(A75,'tabla datos'!$H$160:$K$206,4,0) -> #N/A | F75: =E75/G75 -> #N/A | G75: =VLOOKUP(A75,'tabla datos'!$H$160:$K$206,3,0) -> #N/A | H75: FRIO | K75: 1 | L75: CN06
A76: 1817 | B76: ZUCCHINI VERDE 500 G | C76: NEVERA F | D76: INACTIVO | E76: =VLOOKUP(A76,'tabla datos'!$H$160:$K$206,4,0) -> #N/A | F76: =E76/G76 -> #N/A | G76: =VLOOKUP(A76,'tabla datos'!$H$160:$K$206,3,0) -> #N/A | H76: FRIO | K76: 1 | L76: CN06

Sheet Hoja 8
A3: Region | B3: Tienda | C3: Nombre tienda | D3: N S E | E3: NEVERA AUTOCONTENIDA | F3: CANTIDAD MUEBLES FRUVER | G3: TIPO DE PORTAFOLIO
A4: Tolima | B4: S01 | C4: GIRARDOT PANCHES | D4: 3 | E4: NO | F4: 2 | G4: B
A5: Tolima | B5: T05 | C5: MELGAR | D5: 2 | E5: NO | F5: 2 | G5: B
A6: Tolima | B6: T06 | C6: HONDA OBRERO | D6: 2 | E6: NO | F6: 2 | G6: B
A7: Tolima | B7: T07 | C7: SALADO 1 | D7: 2 | E7: NO | F7: 2 | G7: B
A8: Tolima | B8: T09 | C8: CAJAMARCA | D8: 2 | E8: NO | F8: 2 | G8: B
A9: Tolima | B9: T11 | C9: LIBANO 1 | D9: 3 | E9: NO | F9: 2 | G9: B
A10: Tolima | B10: T13 | C10: FLANDES TOLIMA | D10: 2 | E10: NO | F10: 2 | G10: B
A11: Tolima | B11: T16 | C11: ORTEGA | D11: 2 | E11: NO | F11: 2 | G11: B
A12: Tolima | B12: T17 | C12: CHAPARRAL | D12: 2 | E12: NO | F12: 2 | G12: B
A13: Tolima | B13: T19 | C13: MARIQUITA 1 | D13: 2 | E13: NO | F13: 2 | G13: B
A14: Tolima | B14: T21 | C14: CARMEN DE APICALA | D14: 2 | E14: NO | F14: 2 | G14: B
A15: Tolima | B15: T23 | C15: CHAPARRAL 2 | D15: 2 | E15: NO | F15: 1 | G15: B
... A62: Huila | B62: N33 | C62: TESORO | D62: 2 | E62: NO | F62: 1 | G62: BÁSICO + EXTENDIDO

Sheet Tabla dinámica 3
A1: COUNTA of CANTIDAD MUEBLES FRUVER | C1: CANTIDAD MUEBLES FRUVER
A2: Region | B2: TIPO DE PORTAFOLIO | C2: 1 | D2: 2 | E2: 3 | F2: Total general
A3: Huila | B3: BÁSICO | C3: 9 | D3: 6 | E3: 1 | F3: 16
B4: BÁSICO + EXTENDIDO | C4: 4 | D4: 1 | F4: 5
A5: Total Huila | C5: 13 | D5: 7 | E5: 1 | F5: 21
A6: Tolima | B6: B | C6: 9 | D6: 21 | F6: 30
B7: B + E | D7: 5 | F7: 5
B8: B + E +N | D8: 3 | F8: 3
A9: Total Tolima | C9: 9 | D9: 29 | F9: 38
A10: Total general | C10: 22 | D10: 36 | E10: 1 | F10: 59
C12: MUEBLES | M12: MUEBLES / TIENDA
A13: Region | B13: TIPO DE PORTAFOLIO | C13: 1 | D13: 2 | E13: 3 | F13: Tiendas | J13: Region | K13: TIPO DE PORTAFOLIO | L13: ITEMS | M13: 1 | N13: 2 | O13: 3 | P13: Tiendas
A14: Huila | B14: BÁSICO | C14: 9 | D14: 6 | E14: 1 | F14: 16 | J14: Huila | K14: BÁSICO | L14: 17 | M14: 9 | N14: 6 | O14: 1 | P14: 16
B15: BÁSICO + EXTENDIDO | C15: 4 | D15: 1 | F15: 5 | K15: BÁSICO + EXTENDIDO | L15: 17 + 11 | M15: 4 | N15: 1 | P15: 5
A16: Total Huila | C16: 13 | D16: 7 | E16: 1 | F16: 21 | J16: Total Huila | L16: 28 ITEMS | M16: 13 | N16: 7 | O16: 1 | P16: 21
A17: Tolima | B17: B | C17: 9 | D17: 21 | F17: 30 | J17: Tolima | K17: B | L17: 18 | M17: 9 | N17: 21 | P17: 30
B18: B + E | D18: 5 | F18: 5 | K18: B + E | L18: 18 + 13 | N18: 5 | P18: 5
B19: B + E +N | D19: 3 | F19: 3 | K19: B + E +N | L19: 18 + 13 + 11 | N19: 3 | P19: 3
A20: Total Tolima | C20: 9 | D20: 29 | F20: 38 | J20: Total Tolima | L20: 42 ITEMS | M20: 9 | N20: 29 | P20: 38
A21: Suma total | C21: 22 | D21: 36 | E21: 1 | F21: 59 | J21: Suma total | M21: 22 | N21: 36 | O21: 1 | P21: 59

Sheet Datos
A2: item | B2: descripicion_item | C2: fecha (Año y mes) | D2: cedi | E2: Venta $ | F2: M_Conocida | G2: M_Desconocida | H2: M_Desperdicio | I2: Merma Total | J2: Merma Total
A3: 157 | B3: ARANDANOS FRESCOS 125 G | C3: 45809 | D3: CES | E3: 52729580 | F3: 25085.09 | G3: -602141.53 | H3: 1419419.4 | I3: 842363.01 | J3: 0.015975151
A4: 1210 | B4: BANANO UNIDAD | C4: 45809 | D4: CES | E4: 51139800 | F4: 567998.35 | G4: -491387.72 | H4: 3561164.3 | I4: 3637774.9 | J4: 0.071133929
A5: 2243 | B5: MANZANA ROYAL BOLSA 500 G | C5: 45809 | D5: CES | E5: 37777470 | F5: 19699.42 | G5: 335419.45 | H5: 676634.53 | I5: 1031753.4 | J5: 0.027311342
A6: 1561 | B6: AGUACATE HASS UND | C6: 45809 | D6: CES | E6: 35559250 | F6: 1222.63 | G6: 360176.09 | H6: 1171435 | I6: 1532833.7 | J6: 0.043106469
A7: 2244 | B7: MANZANA VERDE BOLSA 500 G | C7: 45809 | D7: CES | E7: 30393090 | F7: 56630.7 | G7: 891046.09 | H7: 1662561.1 | I7: 2610237.9 | J7: 0.08588261
A8: 1510 | B8: UVA RED GLOBE 400 G | C8: 45809 | D8: CES | E8: 26997480 | F8: 26063.93 | G8: 559689.11 | H8: 1245884.6 | I8: 1831637.7 | J8: 0.067844764
A9: 1074 | B9: AGUACATE VARIEDAD UNIDAD | C9: 45809 | D9: CES | E9: 25731840 | F9: 0 | G9: 479329.19 | H9: 2245391.9 | I9: 2724721.1 | J9: 0.10588909
A10: 1562 | B10: UVA VERDE SIN SEMILLA 400 G | C10: 45809 | D10: CES | E10: 23298670 | F10: 68377.49 | G10: 194874.84 | H10: 2279533.9 | I10: 2542786.2 | J10: 0.10913869
A11: 155 | B11: AJO 3 UND | C11: 45809 | D11: CES | E11: 20542810 | F11: 7752.54 | G11: 914841.54 | H11: 292025.31 | I11: 1214619.4 | J11: 0.059126253
A12: 231 | B12: PAPA 2000 G | C12: 45809 | D12: CES | E12: 19301900 | F12: 62658.82 | G12: 451717.21 | H12: 1830671.5 | I12: 2345047.5 | J12: 0.12149309
A13: 1601 | B13: PLATANO UND | C13: 45809 | D13: CES | E13: 16891000 | F13: 63702.22 | G13: 187471.2 | H13: 2006500.4 | I13: 2257673.8 | J13: 0.13366135
A14: 235 | B14: TOMATE CHONTO 500 G | C14: 45809 | D14: CES | E14: 16810890 | F14: 43152.84 | G14: 276498.86 | H14: 1259240 | I14: 1578891.7 | J14: 0.093920767
... A69: 2722 | B69: GRANADILLA UND RC | C69: 45809 | D69: CES | E69: 1200 | F69: 0 | G69: 0 | H69: -1200 | I69: -1200 | J69: -1
A70: 1079 | B70: LECHUGA CRESPA VERDE UNIDAD | C70: 45809 | D70: APS | E70: 0 | F70: 93499.2 | G70: 0 | H70: 120590.4 | I70: 214089.6 | J70: -
A71: 2242 | B71: TOMATE CHONTO 1000 G | C71: 45809 | D71: CES | E71: 0 | F71: 65641.48 | G71: -159977.65 | H71: 192060.75 | I71: 97724.58 | J71: -
A72: 2244 | B72: MANZANA VERDE BOLSA 500 G | C72: 45809 | D72: APS | E72: 0 | F72: 55200 | G72: 58542.96 | H72: 0 | I72: 113742.96 | J72: -
A73: 235 | B73: TOMATE CHONTO 500 G | C73: 45809 | D73: APS | E73: 0 | F73: 31497 | G73: 50026.8 | H73: 38953.26 | I73: 120477.06 | J73: -
A74: 1807 | B74: MANGO VARIEDAD UNIDAD | C74: 45809 | D74: APS | E74: 0 | F74: 31367.09 | G74: -28442.3 | H74: 90213.08 | I74: 93137.87 | J74: -
A75: 2247 | B75: LIMON X 1000 G | C75: 45809 | D75: APS | E75: 0 | F75: 31013.7 | G75: 0 | H75: 1942.16 | I75: 32955.86 | J75: -
A76: 1074 | B76: AGUACATE VARIEDAD UNIDAD | C76: 45809 | D76: APS | E76: 0 | F76: 27734.94 | G76: -50969.72 | H76: 4798.92 | I76: -18435.86 | J76: -
A77: 1817 | B77: ZUCCHINI VERDE 300G | C77: 45809 | D77: CES | E77: 0 | F77: 26365.38 | G77: 0 | H77: 0 | I77: 26365.38 | J77: -
A78: 2243 | B78: MANZANA ROYAL BOLSA 500 G | C78: 45809 | D78: APS | E78: 0 | F78: 21446.7 | G78: 0 | H78: 4285.17 | I78: 25731.87 | J78: -
A79: 1868 | B79: PAPA PAREJA 1000 G | C79: 45809 | D79: APS | E79: 0 | F79: 8411.08 | G79: 46035.42 | H79: 23118.89 | I79: 77565.39 | J79: -
A80: 1210 | B80: BANANO UNIDAD | C80: 45809 | D80: APS | E80: 0 | F80: 6750 | G80: -450 | H80: 19361.97 | I80: 25661.97 | J80: -
A81: 1671 | B81: MANZANA ROYAL GALA UND | C81: 45809 | D81: APS | E81: 0 | F81: 6574.95 | G81: 0 | H81: 10327.64 | I81: 16902.59 | J81: -
... A131: 236 | B131: TOMATE DE ARBOL 1000 G | C131: 45809 | D131: CES | E131: 0 | F131: 0 | G131: -176711.4 | H131: 176711.4 | I131: 0 | J131: -

Sheet tabla datos
H1: item | I1: descripicion_item | J1: SUM de Venta $ | K1: SUM de Merma Total | O1: Tienda | P1: Nombre tienda | Q1: N S E | R1: NEVERA AUTOCONTENIDA | S1: CANTIDAD MUEBLES FRUVER | T1: VTA PROM FRUVER | U1: % PARTICIP | V1: TIPO DE PORTAFOLIO | Y1: region | Z1: cod_tienda | AA1: tienda | AB1: NSE | AC1: NEVERA | AD1: MUEBLES | AE1: fecha (Mes) | AF1: UND | AG1: UxDxT | AH1: TOTAL | AI1: FRUVER | AJ1: Vta Prom día | AK1: % particip fruver
A2: item | B2: descripicion_item | C2: SUM of Venta $ | D2: SUM of Merma Total | E2: =D2/C2 -> #VALUE! | H2: 154 | I2: AGUACATE HASS 600 G | J2: 0 | K2: 0 | O2: S03 | P2: SUBA VILLA GLORIA | Q2: =VLOOKUP(O2,$Z$1:$AK$288,3,0) -> 3 | R2: =VLOOKUP(O2,$Z$1:$AK$288,4,0) -> NO | S2: =VLOOKUP(O2,$Z$1:$AK$288,5,0) -> 2 | T2: =VLOOKUP(O2,$Z$1:$AK$288,11,0) -> 128597 | U2: =VLOOKUP(O2,$Z$1:$AK$288,12,0) -> 0.021 | V2: B | Y2: ORIENTE | Z2: B01 | AA2: ANTONIA SANTOS | AB2: =VLOOKUP(Z2,SABANA!$B$1:$AY$479,27,0) -> 4 | AC2: =VLOOKUP(Z2,SABANA!$B$1:$AY$479,48,0) -> NO | AD2: =VLOOKUP(Z2,SABANA!$B$1:$AY$479,41,0) -> 1 | AE2: 6 | AF2: 66221 | AG2: 2207.3667 | AH2: 213509752 | AI2: 8974120 | AJ2: 299137.33 | AK2: 0.042
A3: 154 | B3: AGUACATE HASS 600 G | C3: 0 | D3: 0 | E3: =D3/C3 -> #DIV/0! | H3: 155 | I3: AJO 3 UND | J3: 20542810 | K3: 1214619.4 | O3: S04 | P3: BOGOTA SUBA AURES 1 | Q3: =VLOOKUP(O3,$Z$1:$AK$288,3,0) -> 2 | R3: =VLOOKUP(O3,$Z$1:$AK$288,4,0) -> NO | S3: =VLOOKUP(O3,$Z$1:$AK$288,5,0) -> 2 | T3: =VLOOKUP(O3,$Z$1:$AK$288,11,0) -> 175583.33 | U3: =VLOOKUP(O3,$Z$1:$AK$288,12,0) -> 0.027 | V3: B | Y3: ORIENTE | Z3: B02 | AA3: BARRANCA PALMIRA | AB3: =VLOOKUP(Z3,SABANA!$B$1:$AY$479,27,0) -> 3 | AC3: =VLOOKUP(Z3,SABANA!$B$1:$AY$479,48,0) -> NO | AD3: =VLOOKUP(Z3,SABANA!$B$1:$AY$479,41,0) -> 1 | AE3: 6 | AF3: 50321 | AG3: 1677.3667 | AH3: 167408593 | AI3: 6120700 | AJ3: 204023.33 | AK3: 0.037
A4: 155 | B4: AJO 3 UND | C4: 20542810 | D4: 1214619.4 | E4: =D4/C4 -> 0.059126253 | H4: 157 | I4: ARANDANOS FRESCOS 125 G | J4: 52729580 | K4: 789060.63 | O4: S05 | P4: CHIA FAGUA | Q4: =VLOOKUP(O4,$Z$1:$AK$288,3,0) -> 3 | R4: =VLOOKUP(O4,$Z$1:$AK$288,4,0) -> NO | S4: =VLOOKUP(O4,$Z$1:$AK$288,5,0) -> 2 | T4: =VLOOKUP(O4,$Z$1:$AK$288,11,0) -> 84847.667 | U4: =VLOOKUP(O4,$Z$1:$AK$288,12,0) -> 0.026 | V4: B + E | Y4: ORIENTE | Z4: B06 | AA4: CIMITARRA | AB4: =VLOOKUP(Z4,SABANA!$B$1:$AY$479,27,0) -> 2 | AC4: =VLOOKUP(Z4,SABANA!$B$1:$AY$479,48,0) -> NO | AD4: =VLOOKUP(Z4,SABANA!$B$1:$AY$479,41,0) -> 1 | AE4: 6 | AF4: 69470 | AG4: 2315.6667 | AH4: 214012516 | AI4: 3843250 | AJ4: 128108.33 | AK4: 0.018
A5: 157 | B5: ARANDANOS FRESCOS 125 G | C5: 52729580 | D5: 789060.63 | E5: =D5/C5 -> 0.014964288 | H5: 175 | I5: CEBOLLA BLANCA CABEZONA 500 G | J5: 9692010 | K5: 301329.57 | O5: S06 | P5: CEDRO GOLF | Q5: =VLOOKUP(O5,$Z$1:$AK$288,3,0) -> 5 | R5: =VLOOKUP(O5,$Z$1:$AK$288,4,0) -> SI | S5: =VLOOKUP(O5,$Z$1:$AK$288,5,0) -> 4 | T5: =VLOOKUP(O5,$Z$1:$AK$288,11,0) -> 915786.33 | U5: =VLOOKUP(O5,$Z$1:$AK$288,12,0) -> 0.087 | V5: B + E +N | Y5: ORIENTE | Z5: B08 | AA5: SAN FRANCISCO MUTUALIDAD | AB5: =VLOOKUP(Z5,SABANA!$B$1:$AY$479,27,0) -> 4 | AC5: =VLOOKUP(Z5,SABANA!$B$1:$AY$479,48,0) -> NO | AD5: =VLOOKUP(Z5,SABANA!$B$1:$AY$479,41,0) -> 2 | AE5: 6 | AF5: 57653 | AG5: 1921.7667 | AH5: 179690734 | AI5: 7278330 | AJ5: 242611 | AK5: 0.041
A6: 175 | B6: CEBOLLA BLANCA CABEZONA 500 G | C6: 9692010 | D6: 301329.57 | E6: =D6/C6 -> 0.031090514 | H6: 217 | I6: LIMON TAHITI 300 G | J6: 0 | K6: 0 | O6: S07 | P6: LOS CEDROS | Q6: =VLOOKUP(O6,$Z$1:$AK$288,3,0) -> 4 | R6: =VLOOKUP(O6,$Z$1:$AK$288,4,0) -> SI | S6: =VLOOKUP(O6,$Z$1:$AK$288,5,0) -> 4 | T6: =VLOOKUP(O6,$Z$1:$AK$288,11,0) -> 741700.67 | U6: =VLOOKUP(O6,$Z$1:$AK$288,12,0) -> 0.075 | V6: B + E +N | Y6: ORIENTE | Z6: B09 | AA6: DANGOND | AB6: =VLOOKUP(Z6,SABANA!$B$1:$AY$479,27,0) -> 2 | AC6: =VLOOKUP(Z6,SABANA!$B$1:$AY$479,48,0) -> NO | AD6: =VLOOKUP(Z6,SABANA!$B$1:$AY$479,41,0) -> 1 | AE6: 6 | AF6: 91452 | AG6: 3048.4 | AH6: 285240314 | AI6: 6135140 | AJ6: 204504.67 | AK6: 0.022
A7: 217 | B7: LIMON TAHITI 300 G | C7: 0 | D7: 0 | E7: =D7/C7 -> #DIV/0! | H7: 223 | I7: MANZANA VERDE 600 G | J7: 0 | K7: 0 | O7: S08 | P7: SAN ANTONIO | Q7: =VLOOKUP(O7,$Z$1:$AK$288,3,0) -> 3 | R7: =VLOOKUP(O7,$Z$1:$AK$288,4,0) -> NO | S7: =VLOOKUP(O7,$Z$1:$AK$288,5,0) -> 2 | T7: =VLOOKUP(O7,$Z$1:$AK$288,11,0) -> 117157.67 | U7: =VLOOKUP(O7,$Z$1:$AK$288,12,0) -> 0.035 | V7: B + E | Y7: ORIENTE | Z7: B11 | AA7: BARRANCA LOS PINOS | AB7: =VLOOKUP(Z7,SABANA!$B$1:$AY$479,27,0) -> 3 | AC7: =VLOOKUP(Z7,SABANA!$B$1:$AY$479,48,0) -> NO | AD7: =VLOOKUP(Z7,SABANA!$B$1:$AY$479,41,0) -> 1 | AE7: 6 | AF7: 55562 | AG7: 1852.0667 | AH7: 194146146 | AI7: 4851160 | AJ7: 161705.33 | AK7: 0.025
A8: 223 | B8: MANZANA VERDE 600 G | C8: 0 | D8: 0 | E8: =D8/C8 -> #DIV/0! | H8: 231 | I8: PAPA 2000 G | J8: 19301900 | K8: 2317370.3 | O8: S09 | P8: SANTA TERESA | Q8: =VLOOKUP(O8,$Z$1:$AK$288,3,0) -> 4 | R8: =VLOOKUP(O8,$Z$1:$AK$288,4,0) -> SI | S8: =VLOOKUP(O8,$Z$1:$AK$288,5,0) -> 4 | T8: =VLOOKUP(O8,$Z$1:$AK$288,11,0) -> 568537.33 | U8: =VLOOKUP(O8,$Z$1:$AK$288,12,0) -> 0.081 | V8: B + E +N | Y8: ORIENTE | Z8: B12 | AA8: CAMPO HERMOSO | AB8: =VLOOKUP(Z8,SABANA!$B$1:$AY$479,27,0) -> 2 | AC8: =VLOOKUP(Z8,SABANA!$B$1:$AY$479,48,0) -> NO | AD8: =VLOOKUP(Z8,SABANA!$B$1:$AY$479,41,0) -> 1 | AE8: 6 | AF8: 47182 | AG8: 1572.7333 | AH8: 145156279 | AJ8: 0 | AK8: 0
A9: 231 | B9: PAPA 2000 G | C9: 19301900 | D9: 2317370.3 | E9: =D9/C9 -> 0.12005918 | H9: 232 | I9: PERA VERDE 1000 G | J9: 0 | K9: 0 | O9: S11 | P9: UBATE JJ | Q9: =VLOOKUP(O9,$Z$1:$AK$288,3,0) -> 3 | R9: =VLOOKUP(O9,$Z$1:$AK$288,4,0) -> NO | S9: =VLOOKUP(O9,$Z$1:$AK$288,5,0) -> 4 | T9: =VLOOKUP(O9,$Z$1:$AK$288,11,0) -> 137402 | U9: =VLOOKUP(O9,$Z$1:$AK$288,12,0) -> 0.028 | V9: B + E | Y9: ORIENTE | Z9: B13 | AA9: EL POBLADO | AB9: =VLOOKUP(Z9,SABANA!$B$1:$AY$479,27,0) -> 3 | AC9: =VLOOKUP(Z9,SABANA!$B$1:$AY$479,48,0) -> NO | AD9: =VLOOKUP(Z9,SABANA!$B$1:$AY$479,41,0) -> 3 | AE9: 6 | AF9: 40370 | AG9: 1345.6667 | AH9: 125423559 | AI9: 2497010 | AJ9: 83233.667 | AK9: 0.02
A10: 232 | B10: PERA VERDE 1000 G | C10: 0 | D10: 0 | E10: =D10/C10 -> #DIV/0! | H10: 233 | I10: PLATANO HARTON 1000 G | J10: 14569450 | K10: 773219.5 | O10: S13 | P10: ENGATIVÁ PUEBLO 2 | Q10: =VLOOKUP(O10,$Z$1:$AK$288,3,0) -> 3 | R10: =VLOOKUP(O10,$Z$1:$AK$288,4,0) -> NO | S10: =VLOOKUP(O10,$Z$1:$AK$288,5,0) -> 2 | T10: =VLOOKUP(O10,$Z$1:$AK$288,11,0) -> 98653.333 | U10: =VLOOKUP(O10,$Z$1:$AK$288,12,0) -> 0.023 | V10: B | Y10: ORIENTE | Z10: B14 | AA10: POMARROSO LA CUMBRE | AB10: =VLOOKUP(Z10,SABANA!$B$1:$AY$479,27,0) -> 2 | AC10: =VLOOKUP(Z10,SABANA!$B$1:$AY$479,48,0) -> NO | AD10: =VLOOKUP(Z10,SABANA!$B$1:$AY$479,41,0) -> 1 | AE10: 6 | AF10: 58262 | AG10: 1942.0667 | AH10: 186409152 | AI10: 3092010 | AJ10: 103067 | AK10: 0.017
A11: 233 | B11: PLATANO HARTON 1000 G | C11: 14569450 | D11: 773219.5 | E11: =D11/C11 -> 0.05307129 | H11: 235 | I11: TOMATE CHONTO 500 G | J11: 16810890 | K11: 1699368.7 | O11: S15 | P11: FONTIBON PLAZA | Q11: =VLOOKUP(O11,$Z$1:$AK$288,3,0) -> 2 | R11: =VLOOKUP(O11,$Z$1:$AK$288,4,0) -> NO | S11: =VLOOKUP(O11,$Z$1:$AK$288,5,0) -> 2 | T11: =VLOOKUP(O11,$Z$1:$AK$288,11,0) -> 125239.67 | U11: =VLOOKUP(O11,$Z$1:$AK$288,12,0) -> 0.025 | V11: B | Y11: ORIENTE | Z11: B16 | AA11: PORTAL DE PROVENZA | AB11: =VLOOKUP(Z11,SABANA!$B$1:$AY$479,27,0) -> 4 | AC11: =VLOOKUP(Z11,SABANA!$B$1:$AY$479,48,0) -> NO | AD11: =VLOOKUP(Z11,SABANA!$B$1:$AY$479,41,0) -> 1 | AE11: 6 | AF11: 37488 | AG11: 1249.6 | AH11: 125527350 | AI11: 5408530 | AJ11: 180284.33 | AK11: 0.043
A12: 235 | B12: TOMATE CHONTO 500 G | C12: 16810890 | D12: 1699368.7 | E12: =D12/C12 -> 0.10108737 | H12: 236 | I12: TOMATE DE ARBOL 1000 G | J12: 0 | K12: 0 | O12: S16 | P12: NORMANDIA OCCIDENTAL 2 | Q12: =VLOOKUP(O12,$Z$1:$AK$288,3,0) -> 4 | R12: =VLOOKUP(O12,$Z$1:$AK$288,4,0) -> SI | S12: =VLOOKUP(O12,$Z$1:$AK$288,5,0) -> 2 | T12: =VLOOKUP(O12,$Z$1:$AK$288,11,0) -> 488082.33 | U12: =VLOOKUP(O12,$Z$1:$AK$288,12,0) -> 0.068 | V12: B + E +N | Y12: ORIENTE | Z12: B20 | AA12: PLAZA KENNEDY | AB12: =VLOOKUP(Z12,SABANA!$B$1:$AY$479,27,0) -> 2 | AC12: =VLOOKUP(Z12,SABANA!$B$1:$AY$479,48,0) -> NO | AD12: =VLOOKUP(Z12,SABANA!$B$1:$AY$479,41,0) -> 1 | AE12: 6 | AF12: 58704 | AG12: 1956.8 | AH12: 164469566 | AJ12: 0 | AK12: 0
A13: 236 | B13: TOMATE DE ARBOL 1000 G | C13: 0 | D13: 0 | E13: =D13/C13 -> #DIV/0! | H13: 238 | I13: ZANAHORIA 600 G | J13: 21500 | K13: -17672.57 | O13: S17 | P13: FACA SANTANDER | Q13: =VLOOKUP(O13,$Z$1:$AK$288,3,0) -> 3 | R13: =VLOOKUP(O13,$Z$1:$AK$288,4,0) -> NO | S13: =VLOOKUP(O13,$Z$1:$AK$288,5,0) -> 2 | T13: =VLOOKUP(O13,$Z$1:$AK$288,11,0) -> 203058.67 | U13: =VLOOKUP(O13,$Z$1:$AK$288,12,0) -> 0.036 | V13: B + E | Y13: ORIENTE | Z13: B24 | AA13: LA AURORA | AB13: =VLOOKUP(Z13,SABANA!$B$1:$AY$479,27,0) -> 4 | AC13: =VLOOKUP(Z13,SABANA!$B$1:$AY$479,48,0) -> NO | AD13: =VLOOKUP(Z13,SABANA!$B$1:$AY$479,41,0) -> 3 | AE13: 6 | AF13: 56167 | AG13: 1872.2333 | AH13: 180910286 | AI13: 7874640 | AJ13: 262488 | AK13: 0.044
A14: 238 | B14: ZANAHORIA 600 G | C14: 21500 | D14: -17672.57 | E14: =D14/C14 -> -0.82198 | H14: 754 | I14: CEBOLLA ROJA 500 G | J14: 4422700 | K14: 318945.84 | O14: S18 | P14: FUNZA ZUAME | Q14: =VLOOKUP(O14,$Z$1:$AK$288,3,0) -> 3 | R14: =VLOOKUP(O14,$Z$1:$AK$288,4,0) -> NO | S14: =VLOOKUP(O14,$Z$1:$AK$288,5,0) -> 4 | T14: =VLOOKUP(O14,$Z$1:$AK$288,11,0) -> 211281 | U14: =VLOOKUP(O14,$Z$1:$AK$288,12,0) -> 0.036 | V14: B + E | Y14: ORIENTE | Z14: B25 | AA14: REAL DE MINAS | AB14: =VLOOKUP(Z14,SABANA!$B$1:$AY$479,27,0) -> 4 | AC14: =VLOOKUP(Z14,SABANA!$B$1:$AY$479,48,0) -> NO | AD14: =VLOOKUP(Z14,SABANA!$B$1:$AY$479,41,0) -> 2 | AE14: 6 | AF14: 65618 | AG14: 2187.2667 | AH14: 200843152 | AI14: 5464310 | AJ14: 182143.67 | AK14: 0.027
A15: 754 | B15: CEBOLLA ROJA 500 G | C15: 4422700 | D15: 318945.84 | E15: =D15/C15 -> 0.07211564 | H15: 883 | I15: PINA UNIDAD | J15: 5313830 | K15: 2112019.2 | O15: S19 | P15: POLO CLUB | Q15: =VLOOKUP(O15,$Z$1:$AK$288,3,0) -> 4 | R15: =VLOOKUP(O15,$Z$1:$AK$288,4,0) -> SI | S15: =VLOOKUP(O15,$Z$1:$AK$288,5,0) -> 2 | T15: =VLOOKUP(O15,$Z$1:$AK$288,11,0) -> 666719.33 | U15: =VLOOKUP(O15,$Z$1:$AK$288,12,0) -> 0.102 | V15: B + E +N | Y15: ORIENTE | Z15: B28 | AA15: CALLEJUELAS | AB15: =VLOOKUP(Z15,SABANA!$B$1:$AY$479,27,0) -> 3 | AC15: =VLOOKUP(Z15,SABANA!$B$1:$AY$479,48,0) -> NO | AD15: =VLOOKUP(Z15,SABANA!$B$1:$AY$479,41,0) -> 2 | AE15: 6 | AF15: 58721 | AG15: 1957.3667 | AH15: 207471899 | AI15: 6337130 | AJ15: 211237.67 | AK15: 0.031
A16: 883 | B16: PINA UNIDAD | C16: 5313830 | D16: 2112019.2 | E16: =D16/C16 -> 0.39745706 | H16: 963 | I16: MANZANA ROYAL GALA 600 G | J16: 0 | K16: 0 | O16: S20 | P16: QUESADA | Q16: =VLOOKUP(O16,$Z$1:$AK$288,3,0) -> 3 | R16: =VLOOKUP(O16,$Z$1:$AK$288,4,0) -> SI | S16: =VLOOKUP(O16,$Z$1:$AK$288,5,0) -> 2 | T16: =VLOOKUP(O16,$Z$1:$AK$288,11,0) -> 556227 | U16: =VLOOKUP(O16,$Z$1:$AK$288,12,0) -> 0.076 | V16: B + E +N | Y16: ORIENTE | Z16: B29 | AA16: RESERVA CANAVERAL | AB16: =VLOOKUP(Z16,SABANA!$B$1:$AY$479,27,0) -> 4 | AC16: =VLOOKUP(Z16,SABANA!$B$1:$AY$479,48,0) -> NO | AD16: =VLOOKUP(Z16,SABANA!$B$1:$AY$479,41,0) -> 3 | AE16: 6 | AF16: 33667 | AG16: 1122.2333 | AH16: 130570174 | AI16: 8002650 | AJ16: 266755 | AK16: 0.061
A17: 963 | B17: MANZANA ROYAL GALA 600 G | C17: 0 | D17: 0 | E17: =D17/C17 -> #DIV/0! | H17: 964 | I17: PERA VERDE 600 G | J17: 0 | K17: 0 | O17: S24 | P17: JUAN REY | Q17: =VLOOKUP(O17,$Z$1:$AK$288,3,0) -> 2 | R17: =VLOOKUP(O17,$Z$1:$AK$288,4,0) -> NO | S17: =VLOOKUP(O17,$Z$1:$AK$288,5,0) -> 2 | T17: =VLOOKUP(O17,$Z$1:$AK$288,11,0) -> 96832 | U17: =VLOOKUP(O17,$Z$1:$AK$288,12,0) -> 0.017 | V17: B | Y17: ORIENTE | Z17: B31 | AA17: MUTIS | AB17: =VLOOKUP(Z17,SABANA!$B$1:$AY$479,27,0) -> 3 | AC17: =VLOOKUP(Z17,SABANA!$B$1:$AY$479,48,0) -> NO | AD17: =VLOOKUP(Z17,SABANA!$B$1:$AY$479,41,0) -> 2 | AE17: 6 | AF17: 79716 | AG17: 2657.2 | AH17: 278079100 | AI17: 6926540 | AJ17: 230884.67 | AK17: 0.025
A18: 964 | B18: PERA VERDE 600 G | C18: 0 | D18: 0 | E18: =D18/C18 -> #DIV/0! | H18: 965 | I18: LIMON TAHITI 500 G | J18: 0 | K18: 42486.51 | O18: S25 | P18: LA VICTORIA | Q18: =VLOOKUP(O18,$Z$1:$AK$288,3,0) -> 2 | R18: =VLOOKUP(O18,$Z$1:$AK$288,4,0) -> NO | S18: =VLOOKUP(O18,$Z$1:$AK$288,5,0) -> 2 | T18: =VLOOKUP(O18,$Z$1:$AK$288,11,0) -> 89942 | U18: =VLOOKUP(O18,$Z$1:$AK$288,12,0) -> 0.016 | V18: B | Y18: ORIENTE | Z18: B32 | AA18: PERPETUO SOCORRO | AB18: =VLOOKUP(Z18,SABANA!$B$1:$AY$479,27,0) -> 2 | AC18: =VLOOKUP(Z18,SABANA!$B$1:$AY$479,48,0) -> NO | AD18: =VLOOKUP(Z18,SABANA!$B$1:$AY$479,41,0) -> 2 | AE18: 6 | AF18: 49820 | AG18: 1660.6667 | AH18: 154665951 | AI18: 4810810 | AJ18: 160360.33 | AK18: 0.031
A19: 965 | B19: LIMON TAHITI 500 G | C19: 0 | D19: 42486.51 | E19: =D19/C19 -> #DIV/0! | H19: 966 | I19: BANANO 5 UND | J19: 4500 | K19: -4384.38 | O19: S26 | P19: OLARTE VILLA DEL RIO | Q19: =VLOOKUP(O19,$Z$1:$AK$288,3,0) -> 2 | R19: =VLOOKUP(O19,$Z$1:$AK$288,4,0) -> NO | S19: =VLOOKUP(O19,$Z$1:$AK$288,5,0) -> 2 | T19: =VLOOKUP(O19,$Z$1:$AK$288,11,0) -> 162620 | U19: =VLOOKUP(O19,$Z$1:$AK$288,12,0) -> 0.024 | V19: B + E | Y19: ORIENTE | Z19: B33 | AA19: QUANTUM | AB19: =VLOOKUP(Z19,SABANA!$B$1:$AY$479,27,0) -> 3 | AC19: =VLOOKUP(Z19,SABANA!$B$1:$AY$479,48,0) -> NO | AD19: =VLOOKUP(Z19,SABANA!$B$1:$AY$479,41,0) -> 3 | AE19: 6 | AF19: 49015 | AG19: 1633.8333 | AH19: 162065784 | AI19: 8006600 | AJ19: 266886.67 | AK19: 0.049
A20: 966 | B20: BANANO 5 UND | C20: 4500 | D20: -4384.38 | E20: =D20/C20 -> -0.97430667 | H20: 1068 | I20: NARANJA VALENCIA MEDIANA 1500 G | J20: 0 | K20: 70550.55 | O20: S27 | P20: PARQUE LUIS CARLOS GALAN | Q20: =VLOOKUP(O20,$Z$1:$AK$288,3,0) -> 3 | R20: =VLOOKUP(O20,$Z$1:$AK$288,4,0) -> NO | S20: =VLOOKUP(O20,$Z$1:$AK$288,5,0) -> 2 | T20: =VLOOKUP(O20,$Z$1:$AK$288,11,0) -> 223033 | U20: =VLOOKUP(O20,$Z$1:$AK$288,12,0) -> 0.025 | V20: B + E | Y20: ORIENTE | Z20: C04 | AA20: LA CABRERA | AB20: =VLOOKUP(Z20,SABANA!$B$1:$AY$479,27,0) -> 2 | AC20: =VLOOKUP(Z20,SABANA!$B$1:$AY$479,48,0) -> NO | AD20: =VLOOKUP(Z20,SABANA!$B$1:$AY$479,41,0) -> 2 | AE20: 6 | AF20: 64416 | AG20: 2147.2 | AH20: 195200076 | AI20: 6004170 | AJ20: 200139 | AK20: 0.031
A21: 1068 | B21: NARANJA VALENCIA MEDIANA 1500 G | C21: 0 | D21: 70550.55 | E21: =D21/C21 -> #DIV/0! | H21: 1069 | I21: CEBOLLA LARGA 250 G | J21: 0 | K21: 0 | O21: S29 | P21: SAN CRISTOBAL SUR | Q21: =VLOOKUP(O21,$Z$1:$AK$288,3,0) -> 2 | R21: =VLOOKUP(O21,$Z$1:$AK$288,4,0) -> SI | S21: =VLOOKUP(O21,$Z$1:$AK$288,5,0) -> 4 | T21: =VLOOKUP(O21,$Z$1:$AK$288,11,0) -> 323018 | U21: =VLOOKUP(O21,$Z$1:$AK$288,12,0) -> 0.04 | V21: B + E +N | Y21: ORIENTE | Z21: C05 | AA21: LOMITAS DE PRADERA | AB21: =VLOOKUP(Z21,SABANA!$B$1:$AY$479,27,0) -> 3 | AC21: =VLOOKUP(Z21,SABANA!$B$1:$AY$479,48,0) -> NO | AD21: =VLOOKUP(Z21,SABANA!$B$1:$AY$479,41,0) -> 2 | AE21: 6 | AF21: 47095 | AG21: 1569.8333 | AH21: 154692858 | AI21: 6667900 | AJ21: 222263.33 | AK21: 0.043
A22: 1069 | B22: CEBOLLA LARGA 250 G | C22: 0 | D22: 0 | E22: =D22/C22 -> #DIV/0! | H22: 1071 | I22: COGOLLO 3 UNIDADES 300 G | J22: 3993980 | K22: 2191979.8 | O22: S30 | P22: SANTA RITA | Q22: =VLOOKUP(O22,$Z$1:$AK$288,3,0) -> 2 | R22: =VLOOKUP(O22,$Z$1:$AK$288,4,0) -> SI | S22: =VLOOKUP(O22,$Z$1:$AK$288,5,0) -> 2 | T22: =VLOOKUP(O22,$Z$1:$AK$288,11,0) -> 322968.67 | U22: =VLOOKUP(O22,$Z$1:$AK$288,12,0) -> 0.035 | V22: B + E +N | Y22: ORIENTE | Z22: C06 | AA22: PAMPLONA PLAZUELA | AB22: =VLOOKUP(Z22,SABANA!$B$1:$AY$479,27,0) -> 2 | AC22: =VLOOKUP(Z22,SABANA!$B$1:$AY$479,48,0) -> NO | AD22: =VLOOKUP(Z22,SABANA!$B$1:$AY$479,41,0) -> 2 | AE22: 6 | AF22: 65792 | AG22: 2193.0667 | AH22: 191800614 | AI22: 5657320 | AJ22: 188577.33 | AK22: 0.029
A23: 1071 | B23: COGOLLO 3 UNIDADES 300 G | C23: 3993980 | D23: 2191979.8 | E23: =D23/C23 -> 0.54882092 | H23: 1072 | I23: ESPINACA 150 G | J23: 5929170 | K23: 676596.51 | O23: S31 | P23: CHIPAQUE CENTRO | Q23: =VLOOKUP(O23,$Z$1:$AK$288,3,0) -> 2 | R23: =VLOOKUP(O23,$Z$1:$AK$288,4,0) -> NO | S23: =VLOOKUP(O23,$Z$1:$AK$288,5,0) -> 2 | T23: =VLOOKUP(O23,$Z$1:$AK$288,11,0) -> 128469 | U23: =VLOOKUP(O23,$Z$1:$AK$288,12,0) -> 0.018 | V23: B | Y23: ORIENTE | Z23: C11 | AA23: LOS FAROLES | AB23: =VLOOKUP(Z23,SABANA!$B$1:$AY$479,27,0) -> 4 | AC23: =VLOOKUP(Z23,SABANA!$B$1:$AY$479,48,0) -> NO | AD23: =VLOOKUP(Z23,SABANA!$B$1:$AY$479,41,0) -> 4 | AE23: 6 | AF23: 62819 | AG23: 2093.9667 | AH23: 187918602 | AI23: 7859430 | AJ23: 261981 | AK23: 0.042
A24: 1072 | B24: ESPINACA 150 G | C24: 5929170 | D24: 676596.51 | E24: =D24/C24 -> 0.11411319 | H24: 1074 | I24: AGUACATE VARIEDAD UNIDAD | J24: 25731840 | K24: 3106825.7 | O24: S32 | P24: SOACHA DESPENSA | Q24: =VLOOKUP(O24,$Z$1:$AK$288,3,0) -> 3 | R24: =VLOOKUP(O24,$Z$1:$AK$288,4,0) -> NO | S24: =VLOOKUP(O24,$Z$1:$AK$288,5,0) -> 2 | T24: =VLOOKUP(O24,$Z$1:$AK$288,11,0) -> 85075.333 | U24: =VLOOKUP(O24,$Z$1:$AK$288,12,0) -> 0.014 | V24: B | Y24: ORIENTE | Z24: C12 | AA24: NUEVO HORIZONTE | AB24: =VLOOKUP(Z24,SABANA!$B$1:$AY$479,27,0) -> 2 | AC24: =VLOOKUP(Z24,SABANA!$B$1:$AY$479,48,0) -> NO | AD24: =VLOOKUP(Z24,SABANA!$B$1:$AY$479,41,0) -> 1 | AE24: 6 | AF24: 48278 | AG24: 1609.2667 | AH24: 143888438 | AI24: 3820940 | AJ24: 127364.67 | AK24: 0.027
... A28: 1079 | B28: LECHUGA CRESPA VERDE UNIDAD | C28: 6572710 | D28: 3083314.3 | E28: =D28/C28 -> 0.46910852 | H28: 1080 | I28: LECHUGA ROMANA HIDROPONICA 220 G | J28: 0 | K28: 0 | O28: S56 | P28: 22 SUR | Q28: =VLOOKUP(O28,$Z$1:$AK$288,3,0) -> 3 | R28: =VLOOKUP(O28,$Z$1:$AK$288,4,0) -> SI | S28: =VLOOKUP(O28,$Z$1:$AK$288,5,0) -> 4 | T28: =VLOOKUP(O28,$Z$1:$AK$288,11,0) -> 311930 | U28: =VLOOKUP(O28,$Z$1:$AK$288,12,0) -> 0.04 | V28: B + E +N | Y28: ORIENTE | Z28: C26 | AA28: PAMPLONA | AB28: =VLOOKUP(Z28,SABANA!$B$1:$AY$479,27,0) -> 2 | AC28: =VLOOKUP(Z28,SABANA!$B$1:$AY$479,48,0) -> NO | AD28: =VLOOKUP(Z28,SABANA!$B$1:$AY$479,41,0) -> 2 | AE28: 6 | AF28: 73873 | AG28: 2462.4333 | AH28: 219874539 | AI28: 6175110 | AJ28: 205837 | AK28: 0.028
A29: 1080 | B29: LECHUGA ROMANA HIDROPONICA 220 G | C29: 0 | D29: 0 | E29: =D29/C29 -> #DIV/0! | H29: 1081 | I29: RABANO 250 G | J29: 1429260 | K29: 537841.24 | O29: S57 | P29: BOSA LAURELES | Q29: =VLOOKUP(O29,$Z$1:$AK$288,3,0) -> 2 | R29: =VLOOKUP(O29,$Z$1:$AK$288,4,0) -> NO | S29: =VLOOKUP(O29,$Z$1:$AK$288,5,0) -> 2 | T29: =VLOOKUP(O29,$Z$1:$AK$288,11,0) -> 135327 | U29: =VLOOKUP(O29,$Z$1:$AK$288,12,0) -> 0.022 | V29: B | Y29: CORPORATIVO | Z29: CR1 | AA29: CONFIADISIMO | AB29: =VLOOKUP(Z29,SABANA!$B$1:$AY$479,27,0) -> #N/A | AC29: =VLOOKUP(Z29,SABANA!$B$1:$AY$479,48,0) -> #N/A | AD29: =VLOOKUP(Z29,SABANA!$B$1:$AY$479,41,0) -> #N/A | AE29: 6 | AF29: 1693 | AG29: 56.433333 | AH29: 5414821 | AJ29: 0 | AK29: 0
A30: 1081 | B30: RABANO 250 G | C30: 1429260 | D30: 537841.24 | E30: =D30/C30 -> 0.37630749 | H30: 1082 | I30: TOMATE CHERRY 250 G | J30: 4772040 | K30: 304236.33 | O30: S59 | P30: RESTREPO | Q30: =VLOOKUP(O30,$Z$1:$AK$288,3,0) -> 3 | R30: =VLOOKUP(O30,$Z$1:$AK$288,4,0) -> NO | S30: =VLOOKUP(O30,$Z$1:$AK$288,5,0) -> 2 | T30: =VLOOKUP(O30,$Z$1:$AK$288,11,0) -> 142343 | U30: =VLOOKUP(O30,$Z$1:$AK$288,12,0) -> 0.032 | V30: B + E | Y30: ANTIOQUIA | Z30: I02 | AA30: ENVIGADO PARQUE | AB30: =VLOOKUP(Z30,SABANA!$B$1:$AY$479,27,0) -> 4 | AC30: =VLOOKUP(Z30,SABANA!$B$1:$AY$479,48,0) -> NO | AD30: =VLOOKUP(Z30,SABANA!$B$1:$AY$479,41,0) -> 4 | AE30: 6 | AF30: 53470 | AG30: 1782.3333 | AH30: 179277112 | AI30: 5813910 | AJ30: 193797 | AK30: 0.032
A31: 1082 | B31: TOMATE CHERRY 250 G | C31: 4772040 | D31: 304236.33 | E31: =D31/C31 -> 0.063753935 | H31: 1084 | I31: FRESA 250 G | J31: 3473040 | K31: 3092791.2 | O31: S60 | P31: LUCERO BAJO | Q31: =VLOOKUP(O31,$Z$1:$AK$288,3,0) -> 2 | R31: =VLOOKUP(O31,$Z$1:$AK$288,4,0) -> NO | S31: =VLOOKUP(O31,$Z$1:$AK$288,5,0) -> 2 | T31: =VLOOKUP(O31,$Z$1:$AK$288,11,0) -> 162098.33 | U31: =VLOOKUP(O31,$Z$1:$AK$288,12,0) -> 0.023 | V31: B | Y31: ANTIOQUIA | Z31: I03 | AA31: ITAGUI EL CAMI | AB31: =VLOOKUP(Z31,SABANA!$B$1:$AY$479,27,0) -> 3 | AC31: =VLOOKUP(Z31,SABANA!$B$1:$AY$479,48,0) -> NO | AD31: =VLOOKUP(Z31,SABANA!$B$1:$AY$479,41,0) -> 4 | AE31: 6 | AF31: 55202 | AG31: 1840.0667 | AH31: 175016086 | AI31: 3415830 | AJ31: 113861 | AK31: 0.02
A32: 1084 | B32: FRESA 250 G | C32: 3473040 | D32: 3092791.2 | E32: =D32/C32 -> 0.89051413 | H32: 1085 | I32: UCHUVA 300 G | J32: 14212380 | K32: 1849680.4 | O32: S63 | P32: SUBA HOSPITAL | Q32: =VLOOKUP(O32,$Z$1:$AK$288,3,0) -> 3 | R32: =VLOOKUP(O32,$Z$1:$AK$288,4,0) -> SI | S32: =VLOOKUP(O32,$Z$1:$AK$288,5,0) -> 4 | T32: =VLOOKUP(O32,$Z$1:$AK$288,11,0) -> 306111.33 | U32: =VLOOKUP(O32,$Z$1:$AK$288,12,0) -> 0.047 | V32: B + E | Y32: ANTIOQUIA | Z32: I05 | AA32: RIONEGRO ALTO DE LOS LAURELES | AB32: =VLOOKUP(Z32,SABANA!$B$1:$AY$479,27,0) -> 3 | AC32: =VLOOKUP(Z32,SABANA!$B$1:$AY$479,48,0) -> NO | AD32: =VLOOKUP(Z32,SABANA!$B$1:$AY$479,41,0) -> 2 | AE32: 6 | AF32: 31936 | AG32: 1064.5333 | AH32: 112755799 | AI32: 2470000 | AJ32: 82333.333 | AK32: 0.022
A33: 1085 | B33: UCHUVA 300 G | C33: 14212380 | D33: 1849680.4 | E33: =D33/C33 -> 0.13014572 | H33: 1156 | I33: TOMATE DE ARBOL 500 G | J33: 2912990 | K33: 859418.7 | O33: S65 | P33: TABIO | Q33: =VLOOKUP(O33,$Z$1:$AK$288,3,0) -> 3 | R33: =VLOOKUP(O33,$Z$1:$AK$288,4,0) -> NO | S33: =VLOOKUP(O33,$Z$1:$AK$288,5,0) -> 2 | T33: =VLOOKUP(O33,$Z$1:$AK$288,11,0) -> 158177 | U33: =VLOOKUP(O33,$Z$1:$AK$288,12,0) -> 0.03 | V33: B + E | Y33: ANTIOQUIA | Z33: I06 | AA33: GIRARDOTA PARQUE | AB33: =VLOOKUP(Z33,SABANA!$B$1:$AY$479,27,0) -> 3 | AC33: =VLOOKUP(Z33,SABANA!$B$1:$AY$479,48,0) -> NO | AD33: =VLOOKUP(Z33,SABANA!$B$1:$AY$479,41,0) -> 4 | AE33: 6 | AF33: 24722 | AG33: 824.06667 | AH33: 77569540 | AI33: 1450200 | AJ33: 48340 | AK33: 0.019
A34: 1156 | B34: TOMATE DE ARBOL 500 G | C34: 2912990 | D34: 859418.7 | E34: =D34/C34 -> 0.29502975 | H34: 1210 | I34: BANANO UNIDAD | J34: 51139800 | K34: 3663436.9 | O34: S69 | P34: MAZUREN | Q34: =VLOOKUP(O34,$Z$1:$AK$288,3,0) -> 5 | R34: =VLOOKUP(O34,$Z$1:$AK$288,4,0) -> SI | S34: =VLOOKUP(O34,$Z$1:$AK$288,5,0) -> 2 | T34: =VLOOKUP(O34,$Z$1:$AK$288,11,0) -> 363993.33 | U34: =VLOOKUP(O34,$Z$1:$AK$288,12,0) -> 0.065 | V34: B + E +N | Y34: ANTIOQUIA | Z34: I07 | AA34: SAN ANTONIO DE PEREIRA | AB34: =VLOOKUP(Z34,SABANA!$B$1:$AY$479,27,0) -> 3 | AC34: =VLOOKUP(Z34,SABANA!$B$1:$AY$479,48,0) -> NO | AD34: =VLOOKUP(Z34,SABANA!$B$1:$AY$479,41,0) -> 1 | AE34: 6 | AF34: 40710 | AG34: 1357 | AH34: 140105360 | AI34: 6692740 | AJ34: 223091.33 | AK34: 0.048
A35: 1210 | B35: BANANO UNIDAD | C35: 51139800 | D35: 3663436.9 | E35: =D35/C35 -> 0.071635729 | H35: 1510 | I35: UVA RED GLOBE 400 G | J35: 26997480 | K35: 1838135.2 | O35: S70 | P35: SILVANIA | Q35: =VLOOKUP(O35,$Z$1:$AK$288,3,0) -> 2 | R35: =VLOOKUP(O35,$Z$1:$AK$288,4,0) -> NO | S35: =VLOOKUP(O35,$Z$1:$AK$288,5,0) -> 2 | T35: =VLOOKUP(O35,$Z$1:$AK$288,11,0) -> 93442 | U35: =VLOOKUP(O35,$Z$1:$AK$288,12,0) -> 0.022 | V35: B | Y35: ANTIOQUIA | Z35: I08 | AA35: MEDELLIN CALASANZ | AB35: =VLOOKUP(Z35,SABANA!$B$1:$AY$479,27,0) -> 4 | AC35: =VLOOKUP(Z35,SABANA!$B$1:$AY$479,48,0) -> SI | AD35: =VLOOKUP(Z35,SABANA!$B$1:$AY$479,41,0) -> 4 | AE35: 6 | AF35: 80525 | AG35: 2684.1667 | AH35: 278990238 | AI35: 23167610 | AJ35: 772253.67 | AK35: 0.083
A36: 1510 | B36: UVA RED GLOBE 400 G | C36: 26997480 | D36: 1838135.2 | E36: =D36/C36 -> 0.068085436 | H36: 1559 | I36: TOMATE CHONTO UND RC | J36: 155560 | K36: -173661.11 | O36: S71 | P36: UNIR TIERRA NEGRA | Q36: =VLOOKUP(O36,$Z$1:$AK$288,3,0) -> 3 | R36: =VLOOKUP(O36,$Z$1:$AK$288,4,0) -> SI | S36: =VLOOKUP(O36,$Z$1:$AK$288,5,0) -> 2 | T36: =VLOOKUP(O36,$Z$1:$AK$288,11,0) -> 468081 | U36: =VLOOKUP(O36,$Z$1:$AK$288,12,0) -> 0.033 | V36: B + E +N | Y36: ANTIOQUIA | Z36: I10 | AA36: BARBOSA PARQUE | AB36: =VLOOKUP(Z36,SABANA!$B$1:$AY$479,27,0) -> 3 | AC36: =VLOOKUP(Z36,SABANA!$B$1:$AY$479,48,0) -> NO | AD36: =VLOOKUP(Z36,SABANA!$B$1:$AY$479,41,0) -> 2 | AE36: 6 | AF36: 57923 | AG36: 1930.7667 | AH36: 182825521 | AI36: 5051920 | AJ36: 168397.33 | AK36: 0.028
A37: 1559 | B37: TOMATE CHONTO UND RC | C37: 155560 | D37: -173661.11 | E37: =D37/C37 -> -1.116361 | H37: 1560 | I37: LIMON TAHITI UND RC | J37: 132170 | K37: -243575.69 | O37: S72 | P37: PATIO BONITO 87 | Q37: =VLOOKUP(O37,$Z$1:$AK$288,3,0) -> 2 | R37: =VLOOKUP(O37,$Z$1:$AK$288,4,0) -> NO | S37: =VLOOKUP(O37,$Z$1:$AK$288,5,0) -> 2 | T37: =VLOOKUP(O37,$Z$1:$AK$288,11,0) -> 193283.67 | U37: =VLOOKUP(O37,$Z$1:$AK$288,12,0) -> 0.024 | V37: B | Y37: ANTIOQUIA | Z37: I11 | AA37: LAURELES EL NOGAL | AB37: =VLOOKUP(Z37,SABANA!$B$1:$AY$479,27,0) -> 4 | AC37: =VLOOKUP(Z37,SABANA!$B$1:$AY$479,48,0) -> SI | AD37: =VLOOKUP(Z37,SABANA!$B$1:$AY$479,41,0) -> 1 | AE37: 6 | AF37: 39388 | AG37: 1312.9333 | AH37: 134557848 | AI37: 7510250 | AJ37: 250341.67 | AK37: 0.056
A38: 1560 | B38: LIMON TAHITI UND RC | C38: 132170 | D38: -243575.69 | E38: =D38/C38 -> -1.842897 | H38: 1561 | I38: AGUACATE HASS UND | J38: 35559250 | K38: 1463853 | O38: S73 | P38: NUEVO MUZÚ | Q38: =VLOOKUP(O38,$Z$1:$AK$288,3,0) -> 2 | R38: =VLOOKUP(O38,$Z$1:$AK$288,4,0) -> SI | S38: =VLOOKUP(O38,$Z$1:$AK$288,5,0) -> 2 | T38: =VLOOKUP(O38,$Z$1:$AK$288,11,0) -> 297106 | U38: =VLOOKUP(O38,$Z$1:$AK$288,12,0) -> 0.039 | V38: B + E +N | Y38: ANTIOQUIA | Z38: I12 | AA38: GORETTI ANTIOQUIA | AB38: =VLOOKUP(Z38,SABANA!$B$1:$AY$479,27,0) -> 3 | AC38: =VLOOKUP(Z38,SABANA!$B$1:$AY$479,48,0) -> NO | AD38: =VLOOKUP(Z38,SABANA!$B$1:$AY$479,41,0) -> 2 | AE38: 6 | AF38: 43854 | AG38: 1461.8 | AH38: 149993864 | AI38: 3095020 | AJ38: 103167.33 | AK38: 0.021
A39: 1561 | B39: AGUACATE HASS UND | C39: 35559250 | D39: 1463853 | E39: =D39/C39 -> 0.041166589 | H39: 1562 | I39: UVA VERDE SIN SEMILLA 400 G | J39: 23298670 | K39: 2698114.2 | O39: S74 | P39: CARMEN | Q39: =VLOOKUP(O39,$Z$1:$AK$288,3,0) -> 2 | R39: =VLOOKUP(O39,$Z$1:$AK$288,4,0) -> SI | S39: =VLOOKUP(O39,$Z$1:$AK$288,5,0) -> 4 | T39: =VLOOKUP(O39,$Z$1:$AK$288,11,0) -> 246185.33 | U39: =VLOOKUP(O39,$Z$1:$AK$288,12,0) -> 0.036 | V39: B + E +N | Y39: ANTIOQUIA | Z39: I14 | AA39: MEDELLIN FLORIDA NUEVA | AB39: =VLOOKUP(Z39,SABANA!$B$1:$AY$479,27,0) -> 3 | AC39: =VLOOKUP(Z39,SABANA!$B$1:$AY$479,48,0) -> SI | AD39: =VLOOKUP(Z39,SABANA!$B$1:$AY$479,41,0) -> 3 | AE39: 6 | AF39: 47657 | AG39: 1588.5667 | AH39: 164649319 | AI39: 10789040 | AJ39: 359634.67 | AK39: 0.066
A40: 1562 | B40: UVA VERDE SIN SEMILLA 400 G | C40: 23298670 | D40: 2698114.2 | E40: =D40/C40 -> 0.1158055 | H40: 1601 | I40: PLATANO UND | J40: 16891000 | K40: 2264582.3 | O40: S78 | P40: CIUDAD JARDIN | Q40: =VLOOKUP(O40,$Z$1:$AK$288,3,0) -> 3 | R40: =VLOOKUP(O40,$Z$1:$AK$288,4,0) -> SI | S40: =VLOOKUP(O40,$Z$1:$AK$288,5,0) -> 2 | T40: =VLOOKUP(O40,$Z$1:$AK$288,11,0) -> 238192.33 | U40: =VLOOKUP(O40,$Z$1:$AK$288,12,0) -> 0.052 | V40: B + E | Y40: ANTIOQUIA | Z40: I15 | AA40: GUARNE ESTADIO | AB40: =VLOOKUP(Z40,SABANA!$B$1:$AY$479,27,0) -> 2 | AC40: =VLOOKUP(Z40,SABANA!$B$1:$AY$479,48,0) -> NO | AD40: =VLOOKUP(Z40,SABANA!$B$1:$AY$479,41,0) -> 2 | AE40: 6 | AF40: 41501 | AG40: 1383.3667 | AH40: 143367133 | AI40: 4090670 | AJ40: 136355.67 | AK40: 0.029
A41: 1601 | B41: PLATANO UND | C41: 16891000 | D41: 2264582.3 | E41: =D41/C41 -> 0.13407035 | H41: 1623 | I41: PEPINO COHOMBRO UND | J41: 4437080 | K41: 659475.74 | O41: S79 | P41: USME PUEBLO | Q41: =VLOOKUP(O41,$Z$1:$AK$288,3,0) -> 2 | R41: =VLOOKUP(O41,$Z$1:$AK$288,4,0) -> NO | S41: =VLOOKUP(O41,$Z$1:$AK$288,5,0) -> 2 | T41: =VLOOKUP(O41,$Z$1:$AK$288,11,0) -> 149897.67 | U41: =VLOOKUP(O41,$Z$1:$AK$288,12,0) -> 0.024 | V41: B + E | Y41: ANTIOQUIA | Z41: I16 | AA41: COPACABANA PLAZA DE MERCADO | AB41: =VLOOKUP(Z41,SABANA!$B$1:$AY$479,27,0) -> 3 | AC41: =VLOOKUP(Z41,SABANA!$B$1:$AY$479,48,0) -> NO | AD41: =VLOOKUP(Z41,SABANA!$B$1:$AY$479,41,0) -> 2 | AE41: 6 | AF41: 57723 | AG41: 1924.1 | AH41: 189056941 | AI41: 4007920 | AJ41: 133597.33 | AK41: 0.021
... A79: 2600 | B79: MANDARINA IMPORTADA 500 G | C79: 4419100 | D79: 1446037.2 | E79: =D79/C79 -> 0.32722438 | H79: 2606 | I79: CIRUELA IMPORTADA 500 G | J79: 5113600 | K79: 481304.47 | O79: SC7 | P79: LUJAN | Q79: =VLOOKUP(O79,$Z$1:$AK$288,3,0) -> #N/A | R79: =VLOOKUP(O79,$Z$1:$AK$288,4,0) -> #N/A | S79: =VLOOKUP(O79,$Z$1:$AK$288,5,0) -> #N/A | T79: =VLOOKUP(O79,$Z$1:$AK$288,11,0) -> 41234.667 | U79: =VLOOKUP(O79,$Z$1:$AK$288,12,0) -> 0.039 | V79: B + E +N | Y79: ANTIOQUIA | Z79: I75 | AA79: POPULAR | AB79: =VLOOKUP(Z79,SABANA!$B$1:$AY$479,27,0) -> 2 | AC79: =VLOOKUP(Z79,SABANA!$B$1:$AY$479,48,0) -> 0 | AD79: =VLOOKUP(Z79,SABANA!$B$1:$AY$479,41,0) -> 0 | AE79: 6 | AF79: 34802 | AG79: 1160.0667 | AH79: 129490949 | AI79: 3241070 | AJ79: 108035.67 | AK79: 0.025
A80: 2606 | B80: CIRUELA IMPORTADA 500 G | C80: 5113600 | D80: 481304.47 | E80: =D80/C80 -> 0.094122432 | H80: 2722 | I80: GRANADILLA UND RC | J80: 1200 | K80: -1200 | Y80: SUR - HUILA | Z80: N01 | AA80: PITALITO | AB80: =VLOOKUP(Z80,SABANA!$B$1:$AY$479,27,0) -> 2 | AC80: =VLOOKUP(Z80,SABANA!$B$1:$AY$479,48,0) -> NO | AD80: =VLOOKUP(Z80,SABANA!$B$1:$AY$479,41,0) -> 2 | AE80: 6 | AF80: 83060 | AG80: 2768.6667 | AH80: 282968885 | AI80: 4452400 | AJ80: 148413.33 | AK80: 0.016
A81: 2722 | B81: GRANADILLA UND RC | C81: 1200 | D81: -1200 | E81: =D81/C81 -> -1 | H81: 2723 | I81: LULO UND RC | J81: 8900 | K81: -9020 | Y81: SUR - HUILA | Z81: N06 | AA81: CAMPO ALEGRE | AB81: =VLOOKUP(Z81,SABANA!$B$1:$AY$479,27,0) -> 2 | AC81: =VLOOKUP(Z81,SABANA!$B$1:$AY$479,48,0) -> NO | AD81: =VLOOKUP(Z81,SABANA!$B$1:$AY$479,41,0) -> 1 | AE81: 6 | AF81: 58852 | AG81: 1961.7333 | AH81: 167105986 | AI81: 1449050 | AJ81: 48301.667 | AK81: 0.009
A82: 2723 | B82: LULO UND RC | C82: 8900 | D82: -9020 | E82: =D82/C82 -> -1.0134831 | H82: 2724 | I82: TOMATE DE ARBOL UND RC | J82: 5500 | K82: -5500 | Y82: SUR - HUILA | Z82: N10 | AA82: BERDEZ | AB82: =VLOOKUP(Z82,SABANA!$B$1:$AY$479,27,0) -> 2 | AC82: =VLOOKUP(Z82,SABANA!$B$1:$AY$479,48,0) -> NO | AD82: =VLOOKUP(Z82,SABANA!$B$1:$AY$479,41,0) -> 1 | AE82: 6 | AF82: 84676 | AG82: 2822.5333 | AH82: 288697782 | AI82: 6834400 | AJ82: 227813.33 | AK82: 0.024
A83: 2724 | B83: TOMATE DE ARBOL UND RC | C83: 5500 | D83: -5500 | E83: =D83/C83 -> -1 | H83: 2725 | I83: MAZORCA UND RC | J83: 3980 | K83: -3980 | Y83: SUR - HUILA | Z83: N11 | AA83: BELLA VISTA | AB83: =VLOOKUP(Z83,SABANA!$B$1:$AY$479,27,0) -> 2 | AC83: =VLOOKUP(Z83,SABANA!$B$1:$AY$479,48,0) -> NO | AD83: =VLOOKUP(Z83,SABANA!$B$1:$AY$479,41,0) -> 3 | AE83: 6 | AF83: 80486 | AG83: 2682.8667 | AH83: 257483744 | AI83: 3191400 | AJ83: 106380 | AK83: 0.012
A84: 2725 | B84: MAZORCA UND RC | C84: 3980 | D84: -3980 | E84: =D84/C84 -> -1 | H84: 2726 | I84: CIRUELA IMPORTADA UND RC | J84: 2700 | K84: -15750 | Y84: SUR - HUILA | Z84: N15 | AA84: PITALITO 4 | AB84: =VLOOKUP(Z84,SABANA!$B$1:$AY$479,27,0) -> 2 | AC84: =VLOOKUP(Z84,SABANA!$B$1:$AY$479,48,0) -> NO | AD84: =VLOOKUP(Z84,SABANA!$B$1:$AY$479,41,0) -> 1 | AE84: 6 | AF84: 33349 | AG84: 1111.6333 | AH84: 109049775 | AI84: 1159080 | AJ84: 38636 | AK84: 0.011
A85: 2726 | B85: CIRUELA IMPORTADA UND RC | C85: 2700 | D85: -15750 | E85: =D85/C85 -> -5.8333333 | H85: Suma total | J85: 600152190 | K85: 73628743 | Y85: SUR - HUILA | Z85: N16 | AA85: RIVERA | AB85: =VLOOKUP(Z85,SABANA!$B$1:$AY$479,27,0) -> 2 | AC85: =VLOOKUP(Z85,SABANA!$B$1:$AY$479,48,0) -> NO | AD85: =VLOOKUP(Z85,SABANA!$B$1:$AY$479,41,0) -> 2 | AE85: 6 | AF85: 92320 | AG85: 3077.3333 | AH85: 285345941 | AI85: 3483610 | AJ85: 116120.33 | AK85: 0.012
A86: Total general | C86: 600152190 | D86: 73628743 | Y86: SUR - HUILA | Z86: N17 | AA86: TERUEL | AB86: =VLOOKUP(Z86,SABANA!$B$1:$AY$479,27,0) -> 3 | AC86: =VLOOKUP(Z86,SABANA!$B$1:$AY$479,48,0) -> NO | AD86: =VLOOKUP(Z86,SABANA!$B$1:$AY$479,41,0) -> 1 | AE86: 6 | AF86: 80440 | AG86: 2681.3333 | AH86: 269009301 | AI86: 3607160 | AJ86: 120238.67 | AK86: 0.013
Y87: SUR - HUILA | Z87: N18 | AA87: TELLO | AB87: =VLOOKUP(Z87,SABANA!$B$1:$AY$479,27,0) -> 3 | AC87: =VLOOKUP(Z87,SABANA!$B$1:$AY$479,48,0) -> NO | AD87: =VLOOKUP(Z87,SABANA!$B$1:$AY$479,41,0) -> 1 | AE87: 6 | AF87: 74947 | AG87: 2498.2333 | AH87: 236523133 | AI87: 4377930 | AJ87: 145931 | AK87: 0.019
H88: TOLIMA | Y88: SUR - HUILA | Z88: N20 | AA88: YAGUARA | AB88: =VLOOKUP(Z88,SABANA!$B$1:$AY$479,27,0) -> 2 | AC88: =VLOOKUP(Z88,SABANA!$B$1:$AY$479,48,0) -> NO | AD88: =VLOOKUP(Z88,SABANA!$B$1:$AY$479,41,0) -> 1 | AE88: 6 | AF88: 84720 | AG88: 2824 | AH88: 255934138 | AI88: 4366070 | AJ88: 145535.67 | AK88: 0.017
H89: item | I89: descripicion_item | J89: SUM de Venta $ | K89: SUM de Merma Total | O89: Tienda | P89: Nombre tienda | Q89: N S E | R89: NEVERA AUTOCONTENIDA | S89: CANTIDAD MUEBLES FRUVER | T89: VTA PROM FRUVER | U89: % PARTICIP | V89: TIPO DE PORTAFOLIO | Y89: SUR - HUILA | Z89: N21 | AA89: PAEZ LA PLATA | AB89: =VLOOKUP(Z89,SABANA!$B$1:$AY$479,27,0) -> 2 | AC89: =VLOOKUP(Z89,SABANA!$B$1:$AY$479,48,0) -> NO | AD89: =VLOOKUP(Z89,SABANA!$B$1:$AY$479,41,0) -> 1 | AE89: 6 | AF89: 74602 | AG89: 2486.7333 | AH89: 237530778 | AI89: 2258950 | AJ89: 75298.333 | AK89: 0.01
H90: 1068 | I90: NARANJA VALENCIA MEDIANA 1500 G | J90: 0 | K90: 0 | O90: S01 | P90: GIRARDOT PANCHES | Q90: =VLOOKUP(O90,$Z$1:$AK$288,3,0) -> 3 | R90: =VLOOKUP(O90,$Z$1:$AK$288,4,0) -> NO | S90: =VLOOKUP(O90,$Z$1:$AK$288,5,0) -> 2 | T90: =VLOOKUP(O90,$Z$1:$AK$288,11,0) -> 90296.333 | U90: =VLOOKUP(O90,$Z$1:$AK$288,12,0) -> 0.017 | V90: BÁSICO | Y90: SUR - HUILA | Z90: N22 | AA90: ISNOS | AB90: =VLOOKUP(Z90,SABANA!$B$1:$AY$479,27,0) -> 2 | AC90: =VLOOKUP(Z90,SABANA!$B$1:$AY$479,48,0) -> NO | AD90: =VLOOKUP(Z90,SABANA!$B$1:$AY$479,41,0) -> 2 | AE90: 6 | AF90: 50858 | AG90: 1695.2667 | AH90: 147672356 | AI90: 1713810 | AJ90: 57127 | AK90: 0.012
H91: 1069 | I91: CEBOLLA LARGA 250 G | J91: 0 | K91: 0 | O91: S02 | P91: RICAURTE CUNDINAMARCA | Q91: =VLOOKUP(O91,$Z$1:$AK$288,3,0) -> 3 | R91: =VLOOKUP(O91,$Z$1:$AK$288,4,0) -> NO | S91: =VLOOKUP(O91,$Z$1:$AK$288,5,0) -> 2 | T91: =VLOOKUP(O91,$Z$1:$AK$288,11,0) -> 228063.67 | U91: =VLOOKUP(O91,$Z$1:$AK$288,12,0) -> 0.02 | V91: BÁSICO + EXTENDIDO | Y91: SUR - HUILA | Z91: N24 | AA91: GARZON4 | AB91: =VLOOKUP(Z91,SABANA!$B$1:$AY$479,27,0) -> 2 | AC91: =VLOOKUP(Z91,SABANA!$B$1:$AY$479,48,0) -> NO | AD91: =VLOOKUP(Z91,SABANA!$B$1:$AY$479,41,0) -> 2 | AE91: 6 | AF91: 63813 | AG91: 2127.1 | AH91: 194895567 | AI91: 1912810 | AJ91: 63760.333 | AK91: 0.01
H92: 1071 | I92: COGOLLO 3 UNIDADES 300 G | J92: 634940 | K92: 192962.37 | O92: T02 | P92: IBAGUE LA POLA | Q92: =VLOOKUP(O92,$Z$1:$AK$288,3,0) -> 3 | R92: =VLOOKUP(O92,$Z$1:$AK$288,4,0) -> NO | S92: =VLOOKUP(O92,$Z$1:$AK$288,5,0) -> 2 | T92: =VLOOKUP(O92,$Z$1:$AK$288,11,0) -> 308781 | U92: =VLOOKUP(O92,$Z$1:$AK$288,12,0) -> 0.036 | V92: BÁSICO + EXTENDIDO + NEVERA | Y92: SUR - HUILA | Z92: N27 | AA92: TARQUI | AB92: =VLOOKUP(Z92,SABANA!$B$1:$AY$479,27,0) -> 2 | AC92: =VLOOKUP(Z92,SABANA!$B$1:$AY$479,48,0) -> NO | AD92: =VLOOKUP(Z92,SABANA!$B$1:$AY$479,41,0) -> 2 | AE92: 6 | AF92: 80700 | AG92: 2690 | AH92: 248839244 | AI92: 3144660 | AJ92: 104822 | AK92: 0.013
H93: 1072 | I93: ESPINACA 150 G | J93: 674310 | K93: 23800 | O93: T05 | P93: MELGAR | Q93: =VLOOKUP(O93,$Z$1:$AK$288,3,0) -> 2 | R93: =VLOOKUP(O93,$Z$1:$AK$288,4,0) -> NO | S93: =VLOOKUP(O93,$Z$1:$AK$288,5,0) -> 2 | T93: =VLOOKUP(O93,$Z$1:$AK$288,11,0) -> 124927 | U93: =VLOOKUP(O93,$Z$1:$AK$288,12,0) -> 0.013 | V93: BÁSICO | Y93: SUR - HUILA | Z93: N29 | AA93: SALADOBLANCO | AB93: =VLOOKUP(Z93,SABANA!$B$1:$AY$479,27,0) -> 2 | AC93: =VLOOKUP(Z93,SABANA!$B$1:$AY$479,48,0) -> NO | AD93: =VLOOKUP(Z93,SABANA!$B$1:$AY$479,41,0) -> 1 | AE93: 6 | AF93: 70237 | AG93: 2341.2333 | AH93: 238337324 | AI93: 2961250 | AJ93: 98708.333 | AK93: 0.012
H94: 1073 | I94: RUGULA 200 G | J94: 287620 | K94: 171356.26 | O94: T06 | P94: HONDA OBRERO | Q94: =VLOOKUP(O94,$Z$1:$AK$288,3,0) -> 2 | R94: =VLOOKUP(O94,$Z$1:$AK$288,4,0) -> NO | S94: =VLOOKUP(O94,$Z$1:$AK$288,5,0) -> 2 | T94: =VLOOKUP(O94,$Z$1:$AK$288,11,0) -> 51647.667 | U94: =VLOOKUP(O94,$Z$1:$AK$288,12,0) -> 0.011 | V94: BÁSICO | Y94: SUR - HUILA | Z94: N31 | AA94: PAICOL | AB94: =VLOOKUP(Z94,SABANA!$B$1:$AY$479,27,0) -> 2 | AC94: =VLOOKUP(Z94,SABANA!$B$1:$AY$479,48,0) -> NO | AD94: =VLOOKUP(Z94,SABANA!$B$1:$AY$479,41,0) -> 1 | AE94: 6 | AF94: 52245 | AG94: 1741.5 | AH94: 163625416 | AI94: 2235390 | AJ94: 74513 | AK94: 0.014
H95: 1074 | I95: AGUACATE VARIEDAD UNIDAD | J95: 1580930 | K95: 264052.52 | O95: T07 | P95: SALADO 1 | Q95: =VLOOKUP(O95,$Z$1:$AK$288,3,0) -> 2 | R95: =VLOOKUP(O95,$Z$1:$AK$288,4,0) -> NO | S95: =VLOOKUP(O95,$Z$1:$AK$288,5,0) -> 2 | T95: =VLOOKUP(O95,$Z$1:$AK$288,11,0) -> 70541.333 | U95: =VLOOKUP(O95,$Z$1:$AK$288,12,0) -> 0.009 | V95: BÁSICO | Y95: SUR - HUILA | Z95: N33 | AA95: TESORO | AB95: =VLOOKUP(Z95,SABANA!$B$1:$AY$479,27,0) -> 2 | AC95: =VLOOKUP(Z95,SABANA!$B$1:$AY$479,48,0) -> NO | AD95: =VLOOKUP(Z95,SABANA!$B$1:$AY$479,41,0) -> 1 | AE95: 6 | AF95: 67325 | AG95: 2244.1667 | AH95: 232668385 | AI95: 7074330 | AJ95: 235811 | AK95: 0.03
H96: 1076 | I96: PAPAYA 800 G | J96: 1092370 | K96: 144698.48 | O96: T09 | P96: CAJAMARCA | Q96: =VLOOKUP(O96,$Z$1:$AK$288,3,0) -> 2 | R96: =VLOOKUP(O96,$Z$1:$AK$288,4,0) -> NO | S96: =VLOOKUP(O96,$Z$1:$AK$288,5,0) -> 2 | T96: =VLOOKUP(O96,$Z$1:$AK$288,11,0) -> 103269.33 | U96: =VLOOKUP(O96,$Z$1:$AK$288,12,0) -> 0.012 | V96: BÁSICO | Y96: SUR - HUILA | Z96: N34 | AA96: ALTAMIRA HUILA | AB96: =VLOOKUP(Z96,SABANA!$B$1:$AY$479,27,0) -> 2 | AC96: =VLOOKUP(Z96,SABANA!$B$1:$AY$479,48,0) -> NO | AD96: =VLOOKUP(Z96,SABANA!$B$1:$AY$479,41,0) -> 2 | AE96: 6 | AF96: 48118 | AG96: 1603.9333 | AH96: 150789561 | AI96: 2444730 | AJ96: 81491 | AK96: 0.016
H97: 1077 | I97: PIMENTON 500 G | J97: 0 | K97: 0 | O97: T11 | P97: LIBANO 1 | Q97: =VLOOKUP(O97,$Z$1:$AK$288,3,0) -> 3 | R97: =VLOOKUP(O97,$Z$1:$AK$288,4,0) -> NO | S97: =VLOOKUP(O97,$Z$1:$AK$288,5,0) -> 2 | T97: =VLOOKUP(O97,$Z$1:$AK$288,11,0) -> 39699.667 | U97: =VLOOKUP(O97,$Z$1:$AK$288,12,0) -> 0.008 | V97: BÁSICO | Y97: SUR - HUILA | Z97: N35 | AA97: BELEN DE LOS ANDAQUIES | AB97: =VLOOKUP(Z97,SABANA!$B$1:$AY$479,27,0) -> 2 | AC97: =VLOOKUP(Z97,SABANA!$B$1:$AY$479,48,0) -> NO | AD97: =VLOOKUP(Z97,SABANA!$B$1:$AY$479,41,0) -> 1 | AE97: 6 | AF97: 66409 | AG97: 2213.6333 | AH97: 192881454 | AI97: 3052110 | AJ97: 101737 | AK97: 0.016
H98: 1079 | I98: LECHUGA CRESPA VERDE UNIDAD | J98: 1000390 | K98: 421282.2 | O98: T13 | P98: FLANDES TOLIMA | Q98: =VLOOKUP(O98,$Z$1:$AK$288,3,0) -> 2 | R98: =VLOOKUP(O98,$Z$1:$AK$288,4,0) -> NO | S98: =VLOOKUP(O98,$Z$1:$AK$288,5,0) -> 2 | T98: =VLOOKUP(O98,$Z$1:$AK$288,11,0) -> 106926 | U98: =VLOOKUP(O98,$Z$1:$AK$288,12,0) -> 0.011 | V98: BÁSICO | Y98: SUR - HUILA | Z98: N37 | AA98: QUIRINAL | AB98: =VLOOKUP(Z98,SABANA!$B$1:$AY$479,27,0) -> 5 | AC98: =VLOOKUP(Z98,SABANA!$B$1:$AY$479,48,0) -> NO | AD98: =VLOOKUP(Z98,SABANA!$B$1:$AY$479,41,0) -> 1 | AE98: 6 | AF98: 57827 | AG98: 1927.5667 | AH98: 182319663 | AI98: 3597710 | AJ98: 119923.67 | AK98: 0.02
H99: 1081 | I99: RABANO 250 G | J99: 191950 | K99: 48947.64 | O99: T14 | P99: PURIFICACION | Q99: =VLOOKUP(O99,$Z$1:$AK$288,3,0) -> 3 | R99: =VLOOKUP(O99,$Z$1:$AK$288,4,0) -> NO | S99: =VLOOKUP(O99,$Z$1:$AK$288,5,0) -> 2 | T99: =VLOOKUP(O99,$Z$1:$AK$288,11,0) -> 43229 | U99: =VLOOKUP(O99,$Z$1:$AK$288,12,0) -> 0.019 | V99: BÁSICO + EXTENDIDO | Y99: SUR - HUILA | Z99: N39 | AA99: PALERMO | AB99: =VLOOKUP(Z99,SABANA!$B$1:$AY$479,27,0) -> 3 | AC99: =VLOOKUP(Z99,SABANA!$B$1:$AY$479,48,0) -> NO | AD99: =VLOOKUP(Z99,SABANA!$B$1:$AY$479,41,0) -> 1 | AE99: 6 | AF99: 62392 | AG99: 2079.7333 | AH99: 174579818 | AI99: 2455780 | AJ99: 81859.333 | AK99: 0.014
H100: 1082 | I100: TOMATE CHERRY 250 G | J100: 546720 | K100: 274171.9 | O100: T15 | P100: IBAGUE LIMONAR | Q100: =VLOOKUP(O100,$Z$1:$AK$288,3,0) -> 3 | R100: =VLOOKUP(O100,$Z$1:$AK$288,4,0) -> NO | S100: =VLOOKUP(O100,$Z$1:$AK$288,5,0) -> 2 | T100: =VLOOKUP(O100,$Z$1:$AK$288,11,0) -> 255657.33 | U100: =VLOOKUP(O100,$Z$1:$AK$288,12,0) -> 0.047 | V100: BÁSICO + EXTENDIDO + NEVERA | Y100: SUR - HUILA | Z100: N41 | AA100: TORRES DEL CAFE | AB100: =VLOOKUP(Z100,SABANA!$B$1:$AY$479,27,0) -> 3 | AC100: =VLOOKUP(Z100,SABANA!$B$1:$AY$479,48,0) -> NO | AD100: =VLOOKUP(Z100,SABANA!$B$1:$AY$479,41,0) -> 2 | AE100: 6 | AF100: 54226 | AG100: 1807.5333 | AH100: 176403121 | AI100: 2945570 | AJ100: 98185.667 | AK100: 0.017
H101: 1083 | I101: ZANAHORIA BABY 250 G | J101: 389220 | K101: 51954.73 | O101: T16 | P101: ORTEGA | Q101: =VLOOKUP(O101,$Z$1:$AK$288,3,0) -> 2 | R101: =VLOOKUP(O101,$Z$1:$AK$288,4,0) -> NO | S101: =VLOOKUP(O101,$Z$1:$AK$288,5,0) -> 2 | T101: =VLOOKUP(O101,$Z$1:$AK$288,11,0) -> 63695 | U101: =VLOOKUP(O101,$Z$1:$AK$288,12,0) -> 0.008 | V101: BÁSICO | Y101: CARIBE | Z101: Q01 | AA101: ATLANTICO PUERTO COLOMBIA VILLA CAMPESTRE | AB101: =VLOOKUP(Z101,SABANA!$B$1:$AY$479,27,0) -> 3 | AC101: =VLOOKUP(Z101,SABANA!$B$1:$AY$479,48,0) -> SI | AD101: =VLOOKUP(Z101,SABANA!$B$1:$AY$479,41,0) -> 4 | AE101: 6 | AF101: 34536 | AG101: 1151.2 | AH101: 116481561 | AI101: 7941470 | AJ101: 264715.67 | AK101: 0.068
... H127: 1805 | I127: MANDARINA 500 G | J127: 0 | K127: 2898 | O127: T50 | P127: LEONES | Q127: =VLOOKUP(O127,$Z$1:$AK$288,3,0) -> 3 | R127: =VLOOKUP(O127,$Z$1:$AK$288,4,0) -> NO | S127: =VLOOKUP(O127,$Z$1:$AK$288,5,0) -> 2 | T127: =VLOOKUP(O127,$Z$1:$AK$288,11,0) -> 85998 | U127: =VLOOKUP(O127,$Z$1:$AK$288,12,0) -> 0.021 | V127: BÁSICO + EXTENDIDO | Y127: CARIBE | Z127: Q42 | AA127: BARRANQUILLA CENTRO | AB127: =VLOOKUP(Z127,SABANA!$B$1:$AY$479,27,0) -> 3 | AC127: =VLOOKUP(Z127,SABANA!$B$1:$AY$479,48,0) -> NO | AD127: =VLOOKUP(Z127,SABANA!$B$1:$AY$479,41,0) -> 2 | AE127: 6 | AF127: 70318 | AG127: 2343.9333 | AH127: 177593954 | AI127: 3858960 | AJ127: 128632 | AK127: 0.022
H128: 1806 | I128: NARANJA TANGELO 1000 G | J128: 727120 | K128: 108044.91 | Y128: CARIBE | Z128: Q45 | AA128: CARTAGENA BARLOVENTO | AB128: =VLOOKUP(Z128,SABANA!$B$1:$AY$479,27,0) -> 2 | AC128: =VLOOKUP(Z128,SABANA!$B$1:$AY$479,48,0) -> NO | AD128: =VLOOKUP(Z128,SABANA!$B$1:$AY$479,41,0) -> 2 | AE128: 6 | AF128: 62764 | AG128: 2092.1333 | AH128: 192228960 | AI128: 5426130 | AJ128: 180871 | AK128: 0.028
H129: 1807 | I129: MANGO VARIEDAD UNIDAD | J129: 908310 | K129: 342900.27 | Y129: CARIBE | Z129: Q46 | AA129: BARRANQUILLA BORACAY | AB129: =VLOOKUP(Z129,SABANA!$B$1:$AY$479,27,0) -> 4 | AC129: =VLOOKUP(Z129,SABANA!$B$1:$AY$479,48,0) -> NO | AD129: =VLOOKUP(Z129,SABANA!$B$1:$AY$479,41,0) -> 2 | AE129: 6 | AF129: 51793 | AG129: 1726.4333 | AH129: 165571817 | AI129: 8965740 | AJ129: 298858 | AK129: 0.054
H130: 1812 | I130: SANDIA BABY UNIDAD | J130: 570440 | K130: 78483.69 | Y130: CARIBE | Z130: Q47 | AA130: BARRANQUILLA MONTES | AB130: =VLOOKUP(Z130,SABANA!$B$1:$AY$479,27,0) -> 3 | AC130: =VLOOKUP(Z130,SABANA!$B$1:$AY$479,48,0) -> NO | AD130: =VLOOKUP(Z130,SABANA!$B$1:$AY$479,41,0) -> 2 | AE130: 6 | AF130: 63211 | AG130: 2107.0333 | AH130: 198917460 | AI130: 6371890 | AJ130: 212396.33 | AK130: 0.032
H131: 1813 | I131: UVA ISABELA 400 G | J131: 235620 | K131: 2800 | O131: Tienda | P131: Nombre tienda | Q131: N S E | R131: NEVERA AUTOCONTENIDA | S131: CANTIDAD MUEBLES FRUVER | T131: VTA PROM FRUVER | U131: % PARTICIP | V131: TIPO DE PORTAFOLIO | Y131: CARIBE | Z131: Q48 | AA131: SANTA MARTA LA ESPERANZA | AB131: =VLOOKUP(Z131,SABANA!$B$1:$AY$479,27,0) -> 2 | AC131: =VLOOKUP(Z131,SABANA!$B$1:$AY$479,48,0) -> NO | AD131: =VLOOKUP(Z131,SABANA!$B$1:$AY$479,41,0) -> 2 | AE131: 6 | AF131: 54082 | AG131: 1802.7333 | AH131: 167572839 | AI131: 6791070 | AJ131: 226369 | AK131: 0.041
H132: 1816 | I132: MAZORCA 600 G | J132: 438180 | K132: 80704.97 | O132: N06 | P132: CAMPO ALEGRE | Q132: =VLOOKUP(O132,$Z$1:$AK$288,3,0) -> 2 | R132: =VLOOKUP(O132,$Z$1:$AK$288,4,0) -> NO | S132: =VLOOKUP(O132,$Z$1:$AK$288,5,0) -> 1 | T132: =VLOOKUP(O132,$Z$1:$AK$288,11,0) -> 48301.667 | U132: =VLOOKUP(O132,$Z$1:$AK$288,12,0) -> 0.009 | V132: BÁSICO | Y132: CARIBE | Z132: Q49 | AA132: SANTA MARTA LAS ACACIAS | AB132: =VLOOKUP(Z132,SABANA!$B$1:$AY$479,27,0) -> 3 | AC132: =VLOOKUP(Z132,SABANA!$B$1:$AY$479,48,0) -> NO | AD132: =VLOOKUP(Z132,SABANA!$B$1:$AY$479,41,0) -> 2 | AE132: 6 | AF132: 54779 | AG132: 1825.9667 | AH132: 176534849 | AI132: 7361640 | AJ132: 245388 | AK132: 0.042
H133: 1819 | I133: AHUYAMA ZAKATA 600 G | J133: 330260 | K133: 33929.72 | O133: N11 | P133: BELLA VISTA | Q133: =VLOOKUP(O133,$Z$1:$AK$288,3,0) -> 2 | R133: =VLOOKUP(O133,$Z$1:$AK$288,4,0) -> NO | S133: =VLOOKUP(O133,$Z$1:$AK$288,5,0) -> 3 | T133: =VLOOKUP(O133,$Z$1:$AK$288,11,0) -> 106380 | U133: =VLOOKUP(O133,$Z$1:$AK$288,12,0) -> 0.012 | V133: BÁSICO | Y133: CARIBE | Z133: Q50 | AA133: SANTA MARTA 1 DE MAYO | AB133: =VLOOKUP(Z133,SABANA!$B$1:$AY$479,27,0) -> 2 | AC133: =VLOOKUP(Z133,SABANA!$B$1:$AY$479,48,0) -> NO | AD133: =VLOOKUP(Z133,SABANA!$B$1:$AY$479,41,0) -> 2 | AE133: 6 | AF133: 51202 | AG133: 1706.7333 | AH133: 153585431 | AI133: 5139420 | AJ133: 171314 | AK133: 0.033
H134: 1825 | I134: MANZANA ROJA UNIDAD | J134: 0 | K134: -7224 | O134: N15 | P134: PITALITO 4 | Q134: =VLOOKUP(O134,$Z$1:$AK$288,3,0) -> 2 | R134: =VLOOKUP(O134,$Z$1:$AK$288,4,0) -> NO | S134: =VLOOKUP(O134,$Z$1:$AK$288,5,0) -> 1 | T134: =VLOOKUP(O134,$Z$1:$AK$288,11,0) -> 38636 | U134: =VLOOKUP(O134,$Z$1:$AK$288,12,0) -> 0.011 | V134: BÁSICO | Y134: CARIBE | Z134: Q51 | AA134: BARRANQUILLA LA PRADERA | AB134: =VLOOKUP(Z134,SABANA!$B$1:$AY$479,27,0) -> 3 | AC134: =VLOOKUP(Z134,SABANA!$B$1:$AY$479,48,0) -> NO | AD134: =VLOOKUP(Z134,SABANA!$B$1:$AY$479,41,0) -> 2 | AE134: 6 | AF134: 79900 | AG134: 2663.3333 | AH134: 243840225 | AI134: 7785320 | AJ134: 259510.67 | AK134: 0.032
H135: 1867 | I135: PERA VERDE IMPORTADA UNIDAD | J135: 1147740 | K135: 81817.35 | O135: N16 | P135: RIVERA | Q135: =VLOOKUP(O135,$Z$1:$AK$288,3,0) -> 2 | R135: =VLOOKUP(O135,$Z$1:$AK$288,4,0) -> NO | S135: =VLOOKUP(O135,$Z$1:$AK$288,5,0) -> 2 | T135: =VLOOKUP(O135,$Z$1:$AK$288,11,0) -> 116120.33 | U135: =VLOOKUP(O135,$Z$1:$AK$288,12,0) -> 0.012 | V135: BÁSICO | Y135: CARIBE | Z135: Q52 | AA135: BARRANQUILLA EL SILENCIO | AB135: =VLOOKUP(Z135,SABANA!$B$1:$AY$479,27,0) -> 4 | AC135: =VLOOKUP(Z135,SABANA!$B$1:$AY$479,48,0) -> NO | AD135: =VLOOKUP(Z135,SABANA!$B$1:$AY$479,41,0) -> 1 | AE135: 6 | AF135: 57422 | AG135: 1914.0667 | AH135: 183547265 | AI135: 6783580 | AJ135: 226119.33 | AK135: 0.037
H136: 1868 | I136: PAPA PAREJA 1000 G | J136: 55510 | K136: 69600 | O136: N17 | P136: TERUEL | Q136: =VLOOKUP(O136,$Z$1:$AK$288,3,0) -> 3 | R136: =VLOOKUP(O136,$Z$1:$AK$288,4,0) -> NO | S136: =VLOOKUP(O136,$Z$1:$AK$288,5,0) -> 1 | T136: =VLOOKUP(O136,$Z$1:$AK$288,11,0) -> 120238.67 | U136: =VLOOKUP(O136,$Z$1:$AK$288,12,0) -> 0.013 | V136: BÁSICO | Y136: CARIBE | Z136: Q53 | AA136: SOLEDAD NORMANDIA | AB136: =VLOOKUP(Z136,SABANA!$B$1:$AY$479,27,0) -> 3 | AC136: =VLOOKUP(Z136,SABANA!$B$1:$AY$479,48,0) -> NO | AD136: =VLOOKUP(Z136,SABANA!$B$1:$AY$479,41,0) -> 2 | AE136: 6 | AF136: 99753 | AG136: 3325.1 | AH136: 312616236 | AI136: 10017800 | AJ136: 333926.67 | AK136: 0.032
H137: 2001 | I137: PIMENTON 300 G | J137: 427480 | K137: 50585.28 | O137: N21 | P137: PAEZ LA PLATA | Q137: =VLOOKUP(O137,$Z$1:$AK$288,3,0) -> 2 | R137: =VLOOKUP(O137,$Z$1:$AK$288,4,0) -> NO | S137: =VLOOKUP(O137,$Z$1:$AK$288,5,0) -> 1 | T137: =VLOOKUP(O137,$Z$1:$AK$288,11,0) -> 75298.333 | U137: =VLOOKUP(O137,$Z$1:$AK$288,12,0) -> 0.01 | V137: BÁSICO | Y137: CARIBE | Z137: Q54 | AA137: SANTA MARTA ONCE DE NOVIEMBRE | AB137: =VLOOKUP(Z137,SABANA!$B$1:$AY$479,27,0) -> 2 | AC137: =VLOOKUP(Z137,SABANA!$B$1:$AY$479,48,0) -> NO | AD137: =VLOOKUP(Z137,SABANA!$B$1:$AY$479,41,0) -> 2 | AE137: 6 | AF137: 54188 | AG137: 1806.2667 | AH137: 155280469 | AI137: 4969410 | AJ137: 165647 | AK137: 0.032
H138: 2050 | I138: MIX FRUTAS IMPORTADAS | J138: 5505110 | K138: 317730.18 | O138: N22 | P138: ISNOS | Q138: =VLOOKUP(O138,$Z$1:$AK$288,3,0) -> 2 | R138: =VLOOKUP(O138,$Z$1:$AK$288,4,0) -> NO | S138: =VLOOKUP(O138,$Z$1:$AK$288,5,0) -> 2 | T138: =VLOOKUP(O138,$Z$1:$AK$288,11,0) -> 57127 | U138: =VLOOKUP(O138,$Z$1:$AK$288,12,0) -> 0.012 | V138: BÁSICO | Y138: CARIBE | Z138: Q55 | AA138: CARTAGENA CASTILLO SAN FELIPE | AB138: =VLOOKUP(Z138,SABANA!$B$1:$AY$479,27,0) -> 5 | AC138: =VLOOKUP(Z138,SABANA!$B$1:$AY$479,48,0) -> NO | AD138: =VLOOKUP(Z138,SABANA!$B$1:$AY$479,41,0) -> 2 | AE138: 6 | AF138: 80309 | AG138: 2676.9667 | AH138: 239480861 | AI138: 8914330 | AJ138: 297144.33 | AK138: 0.037
H139: 2052 | I139: CEBOLLA LARGA 500G | J139: 771260 | K139: 82832.3 | O139: N24 | P139: GARZON4 | Q139: =VLOOKUP(O139,$Z$1:$AK$288,3,0) -> 2 | R139: =VLOOKUP(O139,$Z$1:$AK$288,4,0) -> NO | S139: =VLOOKUP(O139,$Z$1:$AK$288,5,0) -> 2 | T139: =VLOOKUP(O139,$Z$1:$AK$288,11,0) -> 63760.333 | U139: =VLOOKUP(O139,$Z$1:$AK$288,12,0) -> 0.01 | V139: BÁSICO | Y139: CARIBE | Z139: Q58 | AA139: BARRANQUILLA LA UNION | AB139: =VLOOKUP(Z139,SABANA!$B$1:$AY$479,27,0) -> 3 | AC139: =VLOOKUP(Z139,SABANA!$B$1:$AY$479,48,0) -> NO | AD139: =VLOOKUP(Z139,SABANA!$B$1:$AY$479,41,0) -> 2 | AE139: 6 | AF139: 66126 | AG139: 2204.2 | AH139: 213588836 | AI139: 8870520 | AJ139: 295684 | AK139: 0.042
H140: 217 | I140: LIMON TAHITI 300 G | J140: 0 | K140: 0 | O140: N27 | P140: TARQUI | Q140: =VLOOKUP(O140,$Z$1:$AK$288,3,0) -> 2 | R140: =VLOOKUP(O140,$Z$1:$AK$288,4,0) -> NO | S140: =VLOOKUP(O140,$Z$1:$AK$288,5,0) -> 2 | T140: =VLOOKUP(O140,$Z$1:$AK$288,11,0) -> 104822 | U140: =VLOOKUP(O140,$Z$1:$AK$288,12,0) -> 0.013 | V140: BÁSICO | Y140: CARIBE | Z140: Q59 | AA140: BARRANQUILLA 51B | AB140: =VLOOKUP(Z140,SABANA!$B$1:$AY$479,27,0) -> 6 | AC140: =VLOOKUP(Z140,SABANA!$B$1:$AY$479,48,0) -> SI | AD140: =VLOOKUP(Z140,SABANA!$B$1:$AY$479,41,0) -> 2 | AE140: 6 | AF140: 33726 | AG140: 1124.2 | AH140: 107176998 | AI140: 7900390 | AJ140: 263346.33 | AK140: 0.074
H141: 222 | I141: MANZANA ROYAL GALA 1000 G | J141: 0 | K141: 0 | O141: N29 | P141: SALADOBLANCO | Q141: =VLOOKUP(O141,$Z$1:$AK$288,3,0) -> 2 | R141: =VLOOKUP(O141,$Z$1:$AK$288,4,0) -> NO | S141: =VLOOKUP(O141,$Z$1:$AK$288,5,0) -> 1 | T141: =VLOOKUP(O141,$Z$1:$AK$288,11,0) -> 98708.333 | U141: =VLOOKUP(O141,$Z$1:$AK$288,12,0) -> 0.012 | V141: BÁSICO | Y141: CARIBE | Z141: Q62 | AA141: BARRANQUILLA CALLE 72 | AB141: =VLOOKUP(Z141,SABANA!$B$1:$AY$479,27,0) -> 4 | AC141: =VLOOKUP(Z141,SABANA!$B$1:$AY$479,48,0) -> NO | AD141: =VLOOKUP(Z141,SABANA!$B$1:$AY$479,41,0) -> 2 | AE141: 6 | AF141: 43081 | AG141: 1436.0333 | AH141: 126815503 | AI141: 5406510 | AJ141: 180217 | AK141: 0.043
H142: 223 | I142: MANZANA VERDE 600 G | J142: 0 | K142: 0 | O142: N31 | P142: PAICOL | Q142: =VLOOKUP(O142,$Z$1:$AK$288,3,0) -> 2 | R142: =VLOOKUP(O142,$Z$1:$AK$288,4,0) -> NO | S142: =VLOOKUP(O142,$Z$1:$AK$288,5,0) -> 1 | T142: =VLOOKUP(O142,$Z$1:$AK$288,11,0) -> 74513 | U142: =VLOOKUP(O142,$Z$1:$AK$288,12,0) -> 0.014 | V142: BÁSICO | Y142: CARIBE | Z142: Q63 | AA142: ATLANTICO SABANALARGA AVENIDA BOGOTA | AB142: =VLOOKUP(Z142,SABANA!$B$1:$AY$479,27,0) -> 2 | AC142: =VLOOKUP(Z142,SABANA!$B$1:$AY$479,48,0) -> NO | AD142: =VLOOKUP(Z142,SABANA!$B$1:$AY$479,41,0) -> 2 | AE142: 6 | AF142: 60328 | AG142: 2010.9333 | AH142: 183545531 | AI142: 4675890 | AJ142: 155863 | AK142: 0.025
H143: 2242 | I143: TOMATE CHONTO 1000 G | J143: 21540 | K143: -22668.66 | O143: N34 | P143: ALTAMIRA HUILA | Q143: =VLOOKUP(O143,$Z$1:$AK$288,3,0) -> 2 | R143: =VLOOKUP(O143,$Z$1:$AK$288,4,0) -> NO | S143: =VLOOKUP(O143,$Z$1:$AK$288,5,0) -> 2 | T143: =VLOOKUP(O143,$Z$1:$AK$288,11,0) -> 81491 | U143: =VLOOKUP(O143,$Z$1:$AK$288,12,0) -> 0.016 | V143: BÁSICO | Y143: CARIBE | Z143: Q64 | AA143: ATLANTICO SOLEDAD 2000 | AB143: =VLOOKUP(Z143,SABANA!$B$1:$AY$479,27,0) -> 3 | AC143: =VLOOKUP(Z143,SABANA!$B$1:$AY$479,48,0) -> NO | AD143: =VLOOKUP(Z143,SABANA!$B$1:$AY$479,41,0) -> 2 | AE143: 6 | AF143: 97250 | AG143: 3241.6667 | AH143: 295172993 | AI143: 13348550 | AJ143: 444951.67 | AK143: 0.045
... H152: 238 | I152: ZANAHORIA 600 G | J152: 1821160 | K152: 362956.2 | O152: N33 | P152: TESORO | Q152: =VLOOKUP(O152,$Z$1:$AK$288,3,0) -> 2 | R152: =VLOOKUP(O152,$Z$1:$AK$288,4,0) -> NO | S152: =VLOOKUP(O152,$Z$1:$AK$288,5,0) -> 1 | T152: =VLOOKUP(O152,$Z$1:$AK$288,11,0) -> 235811 | U152: =VLOOKUP(O152,$Z$1:$AK$288,12,0) -> 0.03 | V152: BÁSICO + EXTENDIDO | Y152: CARIBE | Z152: Q73 | AA152: CARTAGENA ESPAÑA | AB152: =VLOOKUP(Z152,SABANA!$B$1:$AY$479,27,0) -> 3 | AC152: =VLOOKUP(Z152,SABANA!$B$1:$AY$479,48,0) -> NO | AD152: =VLOOKUP(Z152,SABANA!$B$1:$AY$479,41,0) -> 2 | AE152: 6 | AF152: 55766 | AG152: 1858.8667 | AH152: 169643562 | AI152: 6572670 | AJ152: 219089 | AK152: 0.039
H153: 883 | I153: PINA UNIDAD | J153: 990800 | K153: 129366.67 | Y153: CARIBE | Z153: Q74 | AA153: CARTAGENA EL RECREO | AB153: =VLOOKUP(Z153,SABANA!$B$1:$AY$479,27,0) -> 4 | AC153: =VLOOKUP(Z153,SABANA!$B$1:$AY$479,48,0) -> NO | AD153: =VLOOKUP(Z153,SABANA!$B$1:$AY$479,41,0) -> 2 | AE153: 6 | AF153: 67545 | AG153: 2251.5 | AH153: 226945924 | AI153: 13228250 | AJ153: 440941.67 | AK153: 0.058
H154: 963 | I154: MANZANA ROYAL GALA 600 G | J154: 0 | K154: 0 | Y154: CARIBE | Z154: Q75 | AA154: BARRANQUILLA PARAISO | AB154: =VLOOKUP(Z154,SABANA!$B$1:$AY$479,27,0) -> 4 | AC154: =VLOOKUP(Z154,SABANA!$B$1:$AY$479,48,0) -> SI | AD154: =VLOOKUP(Z154,SABANA!$B$1:$AY$479,41,0) -> 4 | AE154: 6 | AF154: 80613 | AG154: 2687.1 | AH154: 285368648 | AI154: 23543350 | AJ154: 784778.33 | AK154: 0.083
H155: 965 | I155: LIMON TAHITI 500 G | J155: 1434600 | K155: 468136.21 | Y155: CARIBE | Z155: Q77 | AA155: MANANTIALES | AB155: =VLOOKUP(Z155,SABANA!$B$1:$AY$479,27,0) -> 2 | AC155: =VLOOKUP(Z155,SABANA!$B$1:$AY$479,48,0) -> SI | AD155: =VLOOKUP(Z155,SABANA!$B$1:$AY$479,41,0) -> 5 | AE155: 6 | AF155: 62281 | AG155: 2076.0333 | AH155: 200751745 | AI155: 11193820 | AJ155: 373127.33 | AK155: 0.056
H156: Suma total | J156: 122200590 | K156: 17258802 | Y156: CARIBE | Z156: Q78 | AA156: LAS MERCEDES CRA 38 | AB156: =VLOOKUP(Z156,SABANA!$B$1:$AY$479,27,0) -> 4 | AC156: =VLOOKUP(Z156,SABANA!$B$1:$AY$479,48,0) -> SI | AD156: =VLOOKUP(Z156,SABANA!$B$1:$AY$479,41,0) -> 5 | AE156: 6 | AF156: 36762 | AG156: 1225.4 | AH156: 123695739 | AI156: 11048830 | AJ156: 368294.33 | AK156: 0.089
Y157: CARIBE | Z157: Q79 | AA157: LA PAZ | AB157: =VLOOKUP(Z157,SABANA!$B$1:$AY$479,27,0) -> 2 | AC157: =VLOOKUP(Z157,SABANA!$B$1:$AY$479,48,0) -> NO | AD157: =VLOOKUP(Z157,SABANA!$B$1:$AY$479,41,0) -> 5 | AE157: 6 | AF157: 56631 | AG157: 1887.7 | AH157: 172179652 | AI157: 5887030 | AJ157: 196234.33 | AK157: 0.034
Y158: CARIBE | Z158: Q80 | AA158: LA CENTRAL | AB158: =VLOOKUP(Z158,SABANA!$B$1:$AY$479,27,0) -> 2 | AC158: =VLOOKUP(Z158,SABANA!$B$1:$AY$479,48,0) -> SI | AD158: =VLOOKUP(Z158,SABANA!$B$1:$AY$479,41,0) -> 5 | AE158: 6 | AF158: 70931 | AG158: 2364.3667 | AH158: 227481397 | AI158: 8721730 | AJ158: 290724.33 | AK158: 0.038
H159: HUILA | Y159: CARIBE | Z159: Q81 | AA159: LA TERMINAL | AB159: =VLOOKUP(Z159,SABANA!$B$1:$AY$479,27,0) -> 2 | AC159: =VLOOKUP(Z159,SABANA!$B$1:$AY$479,48,0) -> NO | AD159: =VLOOKUP(Z159,SABANA!$B$1:$AY$479,41,0) -> 5 | AE159: 6 | AF159: 47038 | AG159: 1567.9333 | AH159: 130798977 | AI159: 5374510 | AJ159: 179150.33 | AK159: 0.041
H160: item | I160: descripicion_item | J160: SUM de Venta $ | K160: SUM de Merma Total | Y160: CARIBE | Z160: Q82 | AA160: BUENA ESPERANZA | AB160: =VLOOKUP(Z160,SABANA!$B$1:$AY$479,27,0) -> 3 | AC160: =VLOOKUP(Z160,SABANA!$B$1:$AY$479,48,0) -> SI | AD160: =VLOOKUP(Z160,SABANA!$B$1:$AY$479,41,0) -> 5 | AE160: 6 | AF160: 59421 | AG160: 1980.7 | AH160: 194412940 | AI160: 12213290 | AJ160: 407109.67 | AK160: 0.063
H161: 1069 | I161: CEBOLLA LARGA 250 G | J161: 10740 | K161: -10512.5 | Y161: CARIBE | Z161: Q83 | AA161: SIMON BOLIVAR | AB161: =VLOOKUP(Z161,SABANA!$B$1:$AY$479,27,0) -> 2 | AC161: =VLOOKUP(Z161,SABANA!$B$1:$AY$479,48,0) -> NO | AD161: =VLOOKUP(Z161,SABANA!$B$1:$AY$479,41,0) -> 4 | AE161: 6 | AF161: 62879 | AG161: 2095.9667 | AH161: 184393027 | AI161: 7718230 | AJ161: 257274.33 | AK161: 0.042
H162: 1074 | I162: AGUACATE VARIEDAD UNIDAD | J162: 1411310 | K162: 96766.63 | Y162: CARIBE | Z162: Q84 | AA162: LAS MORAS | AB162: =VLOOKUP(Z162,SABANA!$B$1:$AY$479,27,0) -> 2 | AC162: =VLOOKUP(Z162,SABANA!$B$1:$AY$479,48,0) -> NO | AD162: =VLOOKUP(Z162,SABANA!$B$1:$AY$479,41,0) -> 5 | AE162: 6 | AF162: 58569 | AG162: 1952.3 | AH162: 182643933 | AI162: 7149090 | AJ162: 238303 | AK162: 0.039
H163: 1076 | I163: PAPAYA 800 G | J163: 680250 | K163: 148800.31 | Y163: CARIBE | Z163: Q85 | AA163: CEVILLAR | AB163: =VLOOKUP(Z163,SABANA!$B$1:$AY$479,27,0) -> 3 | AC163: =VLOOKUP(Z163,SABANA!$B$1:$AY$479,48,0) -> SI | AD163: =VLOOKUP(Z163,SABANA!$B$1:$AY$479,41,0) -> 5 | AE163: 6 | AF163: 52976 | AG163: 1765.8667 | AH163: 165310986 | AI163: 9584480 | AJ163: 319482.67 | AK163: 0.058
H164: 1082 | I164: TOMATE CHERRY 250 G | J164: 263340 | K164: 178924.6 | Y164: CARIBE | Z164: Q87 | AA164: SANTA ANA | AB164: =VLOOKUP(Z164,SABANA!$B$1:$AY$479,27,0) -> 4 | AC164: =VLOOKUP(Z164,SABANA!$B$1:$AY$479,48,0) -> SI | AD164: =VLOOKUP(Z164,SABANA!$B$1:$AY$479,41,0) -> 4 | AE164: 6 | AF164: 65358 | AG164: 2178.6 | AH164: 232291272 | AI164: 17941610 | AJ164: 598053.67 | AK164: 0.077
H165: 1210 | I165: BANANO UNIDAD | J165: 4842950 | K165: 1010425.1 | Y165: CARIBE | Z165: Q88 | AA165: SAN MARTIN | AB165: =VLOOKUP(Z165,SABANA!$B$1:$AY$479,27,0) -> 2 | AC165: =VLOOKUP(Z165,SABANA!$B$1:$AY$479,48,0) -> NO | AD165: =VLOOKUP(Z165,SABANA!$B$1:$AY$479,41,0) -> 3 | AE165: 6 | AF165: 45220 | AG165: 1507.3333 | AH165: 132750816 | AI165: 3533540 | AJ165: 117784.67 | AK165: 0.027
H166: 1510 | I166: UVA RED GLOBE 400 G | J166: 3195910 | K166: 182165.67 | Y166: CARIBE | Z166: Q89 | AA166: LUCERO | AB166: =VLOOKUP(Z166,SABANA!$B$1:$AY$479,27,0) -> 4 | AC166: =VLOOKUP(Z166,SABANA!$B$1:$AY$479,48,0) -> SI | AD166: =VLOOKUP(Z166,SABANA!$B$1:$AY$479,41,0) -> 3 | AE166: 6 | AF166: 80213 | AG166: 2673.7667 | AH166: 262319617 | AI166: 17377540 | AJ166: 579251.33 | AK166: 0.066
H167: 154 | I167: AGUACATE HASS 600 G | J167: 0 | K167: 0 | Y167: CARIBE | Z167: Q90 | AA167: VILLA ANGELITA | AB167: =VLOOKUP(Z167,SABANA!$B$1:$AY$479,27,0) -> 2 | AC167: =VLOOKUP(Z167,SABANA!$B$1:$AY$479,48,0) -> NO | AD167: =VLOOKUP(Z167,SABANA!$B$1:$AY$479,41,0) -> 3 | AE167: 6 | AF167: 54261 | AG167: 1808.7 | AH167: 175868753 | AI167: 5481180 | AJ167: 182706 | AK167: 0.031
H168: 155 | I168: AJO 3 UND | J168: 2354510 | K168: 65838.89 | Y168: CARIBE | Z168: Q91 | AA168: VILLA JORDAN | AB168: =VLOOKUP(Z168,SABANA!$B$1:$AY$479,27,0) -> 2 | AC168: =VLOOKUP(Z168,SABANA!$B$1:$AY$479,48,0) -> NO | AD168: =VLOOKUP(Z168,SABANA!$B$1:$AY$479,41,0) -> 3 | AE168: 6 | AF168: 30577 | AG168: 1019.2333 | AH168: 97422163 | AI168: 4237620 | AJ168: 141254 | AK168: 0.043
H169: 1559 | I169: TOMATE CHONTO UND RC | J169: 9210 | K169: -8132 | Y169: CARIBE | Z169: Q93 | AA169: BUENOS AIRES | AB169: =VLOOKUP(Z169,SABANA!$B$1:$AY$479,27,0) -> 2 | AC169: =VLOOKUP(Z169,SABANA!$B$1:$AY$479,48,0) -> NO | AD169: =VLOOKUP(Z169,SABANA!$B$1:$AY$479,41,0) -> 3 | AE169: 6 | AF169: 48016 | AG169: 1600.5333 | AH169: 150777949 | AI169: 6503550 | AJ169: 216785 | AK169: 0.043
H170: 1560 | I170: LIMON TAHITI UND RC | J170: 3250 | K170: -7615.66 | Y170: CARIBE | Z170: Q94 | AA170: CIUDAD DEL PUERTO | AB170: =VLOOKUP(Z170,SABANA!$B$1:$AY$479,27,0) -> 2 | AC170: =VLOOKUP(Z170,SABANA!$B$1:$AY$479,48,0) -> NO | AD170: =VLOOKUP(Z170,SABANA!$B$1:$AY$479,41,0) -> 3 | AE170: 6 | AF170: 42279 | AG170: 1409.3 | AH170: 141445254 | AI170: 4980060 | AJ170: 166002 | AK170: 0.035
H171: 1561 | I171: AGUACATE HASS UND | J171: 5090260 | K171: 972543.57 | Y171: CARIBE | Z171: Q95 | AA171: LOS EJECUTIVOS | AB171: =VLOOKUP(Z171,SABANA!$B$1:$AY$479,27,0) -> 2 | AC171: =VLOOKUP(Z171,SABANA!$B$1:$AY$479,48,0) -> NO | AD171: =VLOOKUP(Z171,SABANA!$B$1:$AY$479,41,0) -> 3 | AE171: 6 | AF171: 62236 | AG171: 2074.5333 | AH171: 208004303 | AI171: 7431140 | AJ171: 247704.67 | AK171: 0.036
H172: 157 | I172: ARANDANOS FRESCOS 125 G | J172: 6924190 | K172: 568369.1 | Y172: CARIBE | Z172: Q96 | AA172: CIUDAD DEL PARQUE | AB172: =VLOOKUP(Z172,SABANA!$B$1:$AY$479,27,0) -> 2 | AC172: =VLOOKUP(Z172,SABANA!$B$1:$AY$479,48,0) -> NO | AD172: =VLOOKUP(Z172,SABANA!$B$1:$AY$479,41,0) -> 3 | AE172: 6 | AF172: 62115 | AG172: 2070.5 | AH172: 220204279 | AI172: 8108490 | AJ172: 270283 | AK172: 0.037
... H205: 965 | I205: LIMON TAHITI 500 G | J205: 927570 | K205: 291280.13 | Y205: CENTRO | Z205: S63 | AA205: SUBA HOSPITAL | AB205: =VLOOKUP(Z205,SABANA!$B$1:$AY$479,27,0) -> 3 | AC205: =VLOOKUP(Z205,SABANA!$B$1:$AY$479,48,0) -> SI | AD205: =VLOOKUP(Z205,SABANA!$B$1:$AY$479,41,0) -> 4 | AE205: 6 | AF205: 58302 | AG205: 1943.4 | AH205: 195351186 | AI205: 9183340 | AJ205: 306111.33 | AK205: 0.047
...

Sheet Hoja 7
A1: Tienda | B1: Nombre tienda | C1: N S E | D1: NEVERA AUTOCONTENIDA | E1: CANTIDAD MUEBLES FRUVER | F1: VTA PROM FRUVER | G1: % PARTICIP | H1: TIPO DE PORTAFOLIO | K1: Tienda | L1: Nombre tienda | M1: N S E | N1: NEVERA AUTOCONTENIDA | O1: CANTIDAD MUEBLES FRUVER | P1: VTA PROM FRUVER | Q1: % PARTICIP | R1: TIPO DE PORTAFOLIO | AG1: Tienda | AH1: N06 | AI1: N11 | AJ1: N15 | AK1: N16 | AL1: N17 | AM1: N21 | AN1: N22 | AO1: N24 | AP1: N27 | AQ1: N29 | AR1: N31 | AS1: N34 | AT1: N35 | AU1: N37 | AV1: N39 | AW1: N41 | AX1: N01 | AY1: N10 | AZ1: N18 | BA1: N20 | BB1: N33
A2: S03 | B2: SUBA VILLA GLORIA | C2: 3 | D2: NO | E2: 2 | F2: 128597 | G2: 0.021 | H2: B | K2: S01 | L2: GIRARDOT PANCHES | M2: 3 | N2: NO | O2: 2 | P2: 90296.333 | Q2: 0.017 | R2: B | AG2: Nombre tienda | AH2: CAMPO ALEGRE | AI2: BELLA VISTA | AJ2: PITALITO 4 | AK2: RIVERA | AL2: TERUEL | AM2: PAEZ LA PLATA | AN2: ISNOS | AO2: GARZON4 | AP2: TARQUI | AQ2: SALADOBLANCO | AR2: PAICOL | AS2: ALTAMIRA HUILA | AT2: BELEN DE LOS ANDAQUIES | AU2: QUIRINAL | AV2: PALERMO | AW2: TORRES DEL CAFE | AX2: PITALITO | AY2: BERDEZ | AZ2: TELLO | BA2: YAGUARA | BB2: TESORO
A3: S04 | B3: BOGOTA SUBA AURES 1 | C3: 2 | D3: NO | E3: 2 | F3: 175583.33 | G3: 0.027 | H3: B | K3: T05 | L3: MELGAR | M3: 2 | N3: NO | O3: 2 | P3: 124927 | Q3: 0.013 | R3: B | AG3: TIPO DE PORTAFOLIO | AH3: BÁSICO | AI3: BÁSICO | AJ3: BÁSICO | AK3: BÁSICO | AL3: BÁSICO | AM3: BÁSICO | AN3: BÁSICO | AO3: BÁSICO | AP3: BÁSICO | AQ3: BÁSICO | AR3: BÁSICO | AS3: BÁSICO | AT3: BÁSICO | AU3: BÁSICO | AV3: BÁSICO | AW3: BÁSICO | AX3: BÁSICO + EXTENDIDO | AY3: BÁSICO + EXTENDIDO | AZ3: BÁSICO + EXTENDIDO | BA3: BÁSICO + EXTENDIDO | BB3: BÁSICO + EXTENDIDO
A4: S13 | B4: ENGATIVÁ PUEBLO 2 | C4: 3 | D4: NO | E4: 2 | F4: 98653.333 | G4: 0.023 | H4: B | K4: T06 | L4: HONDA OBRERO | M4: 2 | N4: NO | O4: 2 | P4: 51647.667 | Q4: 0.011 | R4: B
A5: S15 | B5: FONTIBON PLAZA | C5: 2 | D5: NO | E5: 2 | F5: 125239.67 | G5: 0.025 | H5: B | K5: T07 | L5: SALADO 1 | M5: 2 | N5: NO | O5: 2 | P5: 70541.333 | Q5: 0.009 | R5: B | AG5: Tienda | AH5: Nombre tienda | AI5: N S E | AJ5: NEVERA AUTOCONTENIDA | AK5: CANTIDAD MUEBLES FRUVER | AL5: VTA PROM FRUVER | AM5: % PARTICIP | AN5: TIPO DE PORTAFOLIO
A6: S24 | B6: JUAN REY | C6: 2 | D6: NO | E6: 2 | F6: 96832 | G6: 0.017 | H6: B | K6: T09 | L6: CAJAMARCA | M6: 2 | N6: NO | O6: 2 | P6: 103269.33 | Q6: 0.012 | R6: B | AG6: N06 | AH6: CAMPO ALEGRE | AI6: 2 | AJ6: NO | AK6: 1 | AL6: 48301.667 | AM6: 0.009 | AN6: BÁSICO
A7: S25 | B7: LA VICTORIA | C7: 2 | D7: NO | E7: 2 | F7: 89942 | G7: 0.016 | H7: B | K7: T11 | L7: LIBANO 1 | M7: 3 | N7: NO | O7: 2 | P7: 39699.667 | Q7: 0.008 | R7: B | AG7: N11 | AH7: BELLA VISTA | AI7: 2 | AJ7: NO | AK7: 3 | AL7: 106380 | AM7: 0.012 | AN7: BÁSICO
A8: S31 | B8: CHIPAQUE CENTRO | C8: 2 | D8: NO | E8: 2 | F8: 128469 | G8: 0.018 | H8: B | K8: T13 | L8: FLANDES TOLIMA | M8: 2 | N8: NO | O8: 2 | P8: 106926 | Q8: 0.011 | R8: B | AG8: N15 | AH8: PITALITO 4 | AI8: 2 | AJ8: NO | AK8: 1 | AL8: 38636 | AM8: 0.011 | AN8: BÁSICO
A9: S32 | B9: SOACHA DESPENSA | C9: 3 | D9: NO | E9: 2 | F9: 85075.333 | G9: 0.014 | H9: B | K9: T16 | L9: ORTEGA | M9: 2 | N9: NO | O9: 2 | P9: 63695 | Q9: 0.008 | R9: B | AG9: N16 | AH9: RIVERA | AI9: 2 | AJ9: NO | AK9: 2 | AL9: 116120.33 | AM9: 0.012 | AN9: BÁSICO
A10: S34 | B10: FUSAGASUGA | C10: 3 | D10: NO | E10: 4 | F10: 106398.67 | G10: 0.021 | H10: B | K10: T17 | L10: CHAPARRAL | M10: 2 | N10: NO | O10: 2 | P10: 44091.667 | Q10: 0.01 | R10: B | AG10: N17 | AH10: TERUEL | AI10: 3 | AJ10: NO | AK10: 1 | AL10: 120238.67 | AM10: 0.013 | AN10: BÁSICO
A11: S57 | B11: BOSA LAURELES | C11: 2 | D11: NO | E11: 2 | F11: 135327 | G11: 0.022 | H11: B | K11: T19 | L11: MARIQUITA 1 | M11: 2 | N11: NO | O11: 2 | P11: 92505 | Q11: 0.018 | R11: B | AG11: N21 | AH11: PAEZ LA PLATA | AI11: 2 | AJ11: NO | AK11: 1 | AL11: 75298.333 | AM11: 0.01 | AN11: BÁSICO
A12: S60 | B12: LUCERO BAJO | C12: 2 | D12: NO | E12: 2 | F12: 162098.33 | G12: 0.023 | H12: B | K12: T21 | L12: CARMEN DE APICALA | M12: 2 | N12: NO | O12: 2 | P12: 88250.667 | Q12: 0.014 | R12: B | AG12: N22 | AH12: ISNOS | AI12: 2 | AJ12: NO | AK12: 2 | AL12: 57127 | AM12: 0.012 | AN12: BÁSICO
A13: S70 | B13: SILVANIA | C13: 2 | D13: NO | E13: 2 | F13: 93442 | G13: 0.022 | H13: B | K13: T23 | L13: CHAPARRAL 2 | M13: 2 | N13: NO | O13: 1 | P13: 80932.333 | Q13: 0.012 | R13: B | AG13: N24 | AH13: GARZON4 | AI13: 2 | AJ13: NO | AK13: 2 | AL13: 63760.333 | AM13: 0.01 | AN13: BÁSICO
A14: S72 | B14: PATIO BONITO 87 | C14: 2 | D14: NO | E14: 2 | F14: 193283.67 | G14: 0.024 | H14: B | K14: T27 | L14: EL CABRERO LA DORADA | M14: 3 | N14: NO | O14: 1 | P14: 121646.67 | Q14: 0.022 | R14: B | AG14: N27 | AH14: TARQUI | AI14: 2 | AJ14: NO | AK14: 2 | AL14: 104822 | AM14: 0.013 | AN14: BÁSICO
A15: S82 | B15: SOACHA ESQUINA | C15: 3 | D15: NO | E15: 4 | F15: 116197 | G15: 0.018 | H15: B | K15: T29 | L15: ALVARADO | M15: 2 | N15: NO | O15: 2 | P15: 113607.33 | Q15: 0.013 | R15: B | AG15: N29 | AH15: SALADOBLANCO | AI15: 2 | AJ15: NO | AK15: 1 | AL15: 98708.333 | AM15: 0.012 | AN15: BÁSICO
A16: S83 | B16: MONTE BLANCO | C16: 2 | D16: NO | E16: 2 | F16: 114078.67 | G16: 0.016 | H16: B | K16: T30 | L16: PLANADAS | M16: 2 | N16: NO | O16: 2 | P16: 77033.667 | Q16: 0.011 | R16: B | AG16: N31 | AH16: PAICOL | AI16: 2 | AJ16: NO | AK16: 1 | AL16: 74513 | AM16: 0.014 | AN16: BÁSICO
A17: S90 | B17: SAN JOAQUIN B | C17: 2 | D17: NO | E17: 2 | F17: 112606.67 | G17: 0.022 | H17: B | K17: T31 | L17: TUNAL | M17: 2 | N17: NO | O17: 1 | P17: 106846.33 | Q17: 0.015 | R17: B | AG17: N34 | AH17: ALTAMIRA HUILA | AI17: 2 | AJ17: NO | AK17: 2 | AL17: 81491 | AM17: 0.016 | AN17: BÁSICO
... A26: S17 | B26: FACA SANTANDER | C26: 3 | D26: NO | E26: 2 | F26: 203058.67 | G26: 0.036 | H26: B + E | K26: T43 | L26: FALAN | M26: 3 | N26: NO | O26: 1 | P26: 67552 | Q26: 0.012 | R26: B | AG26: N33 | AH26: TESORO | AI26: 2 | AJ26: NO | AK26: 1 | AL26: 235811 | AM26: 0.03 | AN26: BÁSICO + EXTENDIDO
A27: S18 | B27: FUNZA ZUAME | C27: 3 | D27: NO | E27: 4 | F27: 211281 | G27: 0.036 | H27: B + E | K27: T44 | L27: LA DORADA VILLA ESPERANZA | M27: 2 | N27: NO | O27: 1 | P27: 110469 | Q27: 0.022 | R27: B
A28: S26 | B28: OLARTE VILLA DEL RIO | C28: 2 | D28: NO | E28: 2 | F28: 162620 | G28: 0.024 | H28: B + E | K28: T45 | L28: ATACO | M28: 2 | N28: NO | O28: 2 | P28: 110919.67 | Q28: 0.013 | R28: B
A29: S27 | B29: PARQUE LUIS CARLOS GALAN | C29: 3 | D29: NO | E29: 2 | F29: 223033 | G29: 0.025 | H29: B + E | K29: T46 | L29: PAYANDE | M29: 2 | N29: NO | O29: 2 | P29: 102363 | Q29: 0.014 | R29: B
A30: S59 | B30: RESTREPO | C30: 3 | D30: NO | E30: 2 | F30: 142343 | G30: 0.032 | H30: B + E | K30: T47 | L30: VILLA MARLEN | M30: 3 | N30: NO | O30: 2 | P30: 167146 | Q30: 0.023 | R30: B
A31: S63 | B31: SUBA HOSPITAL | C31: 3 | D31: SI | E31: 4 | F31: 306111.33 | G31: 0.047 | H31: B + E | K31: T49 | L31: LA FRANCIA | M31: 3 | N31: NO | O31: 2 | P31: 106468.67 | Q31: 0.018 | R31: B
A32: S65 | B32: TABIO | C32: 3 | D32: NO | E32: 2 | F32: 158177 | G32: 0.03 | H32: B + E | K32: S02 | L32: RICAURTE CUNDINAMARCA | M32: 3 | N32: NO | O32: 2 | P32: 228063.67 | Q32: 0.02 | R32: B + E
A33: S78 | B33: CIUDAD JARDIN | C33: 3 | D33: SI | E33: 2 | F33: 238192.33 | G33: 0.052 | H33: B + E | K33: T14 | L33: PURIFICACION | M33: 3 | N33: NO | O33: 2 | P33: 43229 | Q33: 0.019 | R33: B + E
A34: S79 | B34: USME PUEBLO | C34: 2 | D34: NO | E34: 2 | F34: 149897.67 | G34: 0.024 | H34: B + E | K34: T20 | L34: MARIQUITA 2 | M34: 3 | N34: NO | O34: 2 | P34: 90127 | Q34: 0.018 | R34: B + E
A35: S80 | B35: ZIPAQUIRA LA PAZ | C35: 3 | D35: NO | E35: 2 | F35: 228635 | G35: 0.028 | H35: B + E | K35: T25 | L35: GAITAN IBAGUE | M35: 3 | N35: NO | O35: 2 | P35: 125367.67 | Q35: 0.024 | R35: B + E
A36: S86 | B36: CHUCUA | C36: 3 | D36: NO | E36: 2 | F36: 264102.33 | G36: 0.038 | H36: B + E | K36: T50 | L36: LEONES | M36: 3 | N36: NO | O36: 2 | P36: 85998 | Q36: 0.021 | R36: B + E
A37: S93 | B37: SOPO CENTRO | C37: 3 | D37: NO | E37: 2 | F37: 151561.33 | G37: 0.027 | H37: B + E | K37: T02 | L37: IBAGUE LA POLA | M37: 3 | N37: NO | O37: 2 | P37: 308781 | Q37: 0.036 | R37: B + E +N
A38: S94 | B38: MINUTO DE DIOS | C38: 3 | D38: NO | E38: 2 | F38: 256772.67 | G38: 0.051 | H38: B + E | K38: T15 | L38: IBAGUE LIMONAR | M38: 3 | N38: NO | O38: 2 | P38: 255657.33 | Q38: 0.047 | R38: B + E +N
A39: S97 | B39: SAN VICENTE FERRER | C39: 3 | D39: SI | E39: 2 | F39: 130225 | G39: 0.026 | H39: B + E | K39: T48 | L39: BELEN | M39: 4 | N39: NO | O39: 2 | P39: 270272.67 | Q39: 0.029 | R39: B + E +N
A40: S98 | B40: VILLA GLADY | C40: 3 | D40: NO | E40: 2 | F40: 199533.33 | G40: 0.03 | H40: B + E
A41: SA0 | B41: SAN FRANCISCO | C41: 2 | D41: NO | E41: 3 | F41: 216276 | G41: 0.03 | H41: B + E
A42: SA2 | B42: SUBA FONTANAR | C42: 3 | D42: NO | E42: 3 | F42: 306685.67 | G42: 0.035 | H42: B + E
A43: SA4 | B43: ISIMO LOMAS | C43: 2 | D43: NO | E43: 3 | F43: 132434.33 | G43: 0.03 | H43: B + E
A44: SA5 | B44: ISIMO EL TREBOL | C44: 3 | D44: NO | E44: 3 | F44: 210092.67 | G44: 0.038 | H44: B + E
A45: SA6 | B45: ISIMO VARIANTE CELTA | C45: 3 | D45: NO | E45: 3 | F45: 173710.67 | G45: 0.04 | H45: B + E
A46: SA7 | B46: ISIMO TIBABUYES | C46: 3 | D46: NO | E46: 3 | F46: 153342.67 | G46: 0.033 | H46: B + E
A47: SB8 | B47: ISIMO MONTANA | C47: 3 | D47: NO | E47: 3 | F47: 191912 | G47: 0.026 | H47: B + E
A48: SC0 | B48: ISIMO DIVINO NIÑO | C48: 3 | D48: NO | E48: 3 | F48: 120956 | G48: 0.026 | H48: B + E
A49: SC1 | B49: ISIMO DINDALITO | C49: 2 | D49: NO | E49: 3 | F49: 220811 | G49: 0.022 | H49: B + E
A50: SC2 | B50: VILLA SUAITA | C50: 2 | D50: NO | E50: 3 | F50: 150243 | G50: 0.031 | H50: B + E
A51: SC5 | B51: TIHUAQUE | C51: 2 | F51: 74679.333 | G51: 0.023 | H51: B + E
A52: SB0 | B52: ISIMO TOSCANA | C52: 4 | D52: NO | E52: 3 | F52: 227863 | G52: 0.044 | H52: B + E +N
A53: S06 | B53: CEDRO GOLF | C53: 5 | D53: SI | E53: 4 | F53: 915786.33 | G53: 0.087 | H53: B + E +N
A54: S07 | B54: LOS CEDROS | C54: 4 | D54: SI | E54: 4 | F54: 741700.67 | G54: 0.075 | H54: B + E +N
A55: S09 | B55: SANTA TERESA | C55: 4 | D55: SI | E55: 4 | F55: 568537.33 | G55: 0.081 | H55: B + E +N
A56: S16 | B56: NORMANDIA OCCIDENTAL 2 | C56: 4 | D56: SI | E56: 2 | F56: 488082.33 | G56: 0.068 | H56: B + E +N
A57: S19 | B57: POLO CLUB | C57: 4 | D57: SI | E57: 2 | F57: 666719.33 | G57: 0.102 | H57: B + E +N
A58: S20 | B58: QUESADA | C58: 3 | D58: SI | E58: 2 | F58: 556227 | G58: 0.076 | H58: B + E +N
A59: S29 | B59: SAN CRISTOBAL SUR | C59: 2 | D59: SI | E59: 4 | F59: 323018 | G59: 0.04 | H59: B + E +N
A60: S30 | B60: SANTA RITA | C60: 2 | D60: SI | E60: 2 | F60: 322968.67 | G60: 0.035 | H60: B + E +N
A61: S53 | B61: QUINTA PAREDES EMBAJADA | C61: 4 | D61: SI | E61: 2 | F61: 951798.67 | G61: 0.101 | H61: B + E +N
A62: S55 | B62: QUIRIGUA | C62: 3 | D62: SI | E62: 2 | F62: 314859.33 | G62: 0.045 | H62: B + E +N
A63: S56 | B63: 22 SUR | C63: 3 | D63: SI | E63: 4 | F63: 311930 | G63: 0.04 | H63: B + E +N
... A78: SC4 | B78: BRAVO PAEZ | C78: 3 | D78: SI | E78: 3 | F78: 250966.67 | G78: 0.06 | H78: B + E +N
A79: SC7 | B79: LUJAN | C79: #N/A | D79: #N/A | E79: #N/A | F79: 41234.667 | G79: 0.039 | H79: B + E +N

Sheet SABANA
A1: 1 | B1: 2 | C1: 3 | D1: 4 | E1: 5 | F1: 6 | G1: 7 | H1: 8 | I1: 9 | J1: 10 | K1: 11 | L1: 12 | M1: 13 | N1: 14 | O1: 15 | P1: 16 | Q1: 17 | R1: 18 | S1: 19 | T1: 20 | U1: 21 | V1: 22 | W1: 23 | X1: 24 | Y1: 25 | Z1: 26 | AA1: 27 | AB1: 28 | AC1: 29 | AD1: 30 | AE1: 31 | AF1: 32 | AG1: 33 | AH1: 34 | AI1: 35 | AJ1: 36 | AK1: 37 | AL1: 38 | AM1: 39 | AN1: 40 | AO1: 41 | AP1: 42 | AQ1: 43 | AR1: 44 | AS1: 45 | AT1: 46 | AU1: 47 | AV1: 48 | AW1: 49 | AX1: 50 | AY1: 51
A2: REGIÓN | B2: COD | C2: TIENDA | D2: CONCAT | E2: ACTIVA S/N | F2: CEDI | G2: CEDI CORTO | H2: JEFE DE VENTAS | I2: EMAIL JEFE DE VENTAS | J2: Cel jefe de Ventas | K2: COORDINADOR DE ZONA | L2: EMAIL COORDINADOR DE ZONA | M2: # ZONA | N2: COD ZONA | O2: ANALISTA DE OPERACIONES | P2: EMAIL ANALISTA DE OPERACIONES | Q2: DIRECTOR REGIONAL | R2: EMAIL DIRECTOR REGIONAL | S2: ANALISTA DE TRADE MARKETING | T2: EMAIL ANALISTA DE TRADE MARKETING | U2: ANALISTA DE SEGURIDAD | V2: EMAIL ANALISTA DE SEGURIDAD | W2: JEFE DE SEGURIDAD | X2: EMAIL JEFE DE SEGURIDAD | Y2: MUNICIPIO | Z2: DEPARTAMENTO | AA2: DIRECCION | AB2: ESTRATO | AC2: AREA M2 | AD2: AREA VENTAS | AE2: COORDENADAS | AF2: HORARIO DE ATENCIÓN | AG2: CANT TOPES FRONT | AH2: CANT TOPES BACK | AI2: CANTIDAD POS | AJ2: CANTIDAD MUEBLE CHECKOUT | AK2: FARMACIA | AL2: FECHA APERTURA | AM2: CANT CONGELADORES | AN2: CANT BOTADEROS | AO2: PLAN BOTELLERO | AP2: CANT MUEBLES FRUVER | AQ2: PORTAFOLIO FRUVER | AR2: GONDOLA CONGELADOR | AS2: CIGARRERA BAT | AT2: CIGARRERA COLTABACOS | AU2: TIPOLOGIA X ÁREA | AV2: TIPOLOGIA NSE | AW2: NEVERA FRUVER | AX2: CARNE FRESCA | AY2: BOTELLERO
A3: ANTIOQUIA | B3: I03 | C3: ITAGUI EL CAMI | D3: I03 - ITAGUI EL CAMI | E3: SI | F3: CEDI ANTIOQUIA | G3: ANI | H3: LUISA FERNANDA VILLADA PALACIO | I3: luisa.villada@tiendasisimo.com | J3: 3144341774 | K3: DAMARIS RENDON PATIÑO | L3: damaris.rendon@tiendasisimo.com | M3: ZONA 4 | N3: ANI ZONA 4 | O3: JULIAN ANDRES ECHEVERRY CARRASQUILLA | P3: julian.echeverry@tiendasisimo.com | Q3: LINA M. RIVERA MARIN | R3: lina.rivera@tiendasisimo.com | S3: JUAN CAMILO CARDOZO MOSQUERA | T3: juan.cardozo@tiendasisimo.com | U3: FERNANDO VELASQUEZ GUTIERREZ | V3: fernando.velasquez@tiendasisimo.com | W3: CARLOS AYALA PACHECO | X3: carlos.ayala@tiendasisimo.com | Y3: ITAGUI | Z3: ANTIOQUIA | AA3: Calle 51 #52-37 | AB3: 3 | AC3: 265,0 | AD3: 214,0 | AE3: 6.1742214928896395, -75.60987852069567 | AF3: 07:00 am - 09:00 pm | AG3: 2 | AH3: 2 | AI3: 2 | AJ3: 1 | AK3: NO | AL3: 44983 | AM3: 6 | AN3: 2 | AO3: NO | AP3: 4 | AQ3: BÁSICO | AR3: NO | AS3: 1 | AT3: 1 | AU3: TIPO B | AV3: MED BAJO | AW3: NO | AX3: NO | AY3: SI
